timestamp,kelurahan,latitude,longitude,precip_1h,precip_3h,precip_6h,precip_12h,precip_24h,temperature,relative_humidity,surface_pressure,pressure_trend_3h,wind_speed,flood_occurrence,water_level_cm,severity_level
2024-01-05 00:00:00,cengkareng barat,-6.1674,106.7637,0.6,7.199999999999998,21.5,35.4,55.2,23.7,96,1010.6,-0.8999999999999773,3.6,1,55.0,high
2024-01-18 22:00:00,cengkareng barat,-6.1674,106.7637,0.1,0.09999999999999734,0.30000000000000004,1.3000000000000018,1.2999999999999996,26.3,83,1008.9,1.2999999999999545,14.2,0,0.0,none
2024-01-05 00:00:00,cengkareng timur,-6.1674,106.7637,0.6,7.199999999999998,21.5,35.4,55.2,23.7,96,1010.6,-0.8999999999999773,3.6,1,50.0,moderate
2024-01-18 22:00:00,cengkareng timur,-6.1674,106.7637,0.1,0.09999999999999734,0.30000000000000004,1.3000000000000018,1.2999999999999996,26.3,83,1008.9,1.2999999999999545,14.2,0,0.0,none
2024-01-05 00:00:00,duri kepa,-6.18935,106.7757,1.2,6.7,33.5,67.0,82.9,23.7,96,1010.6,-0.8999999999999773,2.4,1,45.0,moderate
2024-01-18 16:00:00,duri kepa,-6.18935,106.7757,0.0,0.8999999999999999,1.0999999999999999,1.3,1.3000000000000016,28.0,82,1005.2,-1.3999999999999773,11.2,0,0.0,none
2024-01-05 00:00:00,duri kosambi,-6.1674,106.7637,0.6,7.199999999999998,21.5,35.4,55.2,23.7,96,1010.6,-0.8999999999999773,3.6,1,65.0,high
2024-01-18 22:00:00,duri kosambi,-6.1674,106.7637,0.1,0.09999999999999734,0.30000000000000004,1.3000000000000018,1.2999999999999996,26.3,83,1008.9,1.2999999999999545,14.2,0,0.0,none
2024-01-05 00:00:00,jelambar baru,-6.1674,106.7637,0.6,7.199999999999998,21.5,35.4,55.2,23.7,96,1010.6,-0.8999999999999773,3.6,1,40.0,moderate
2024-01-18 22:00:00,jelambar baru,-6.1674,106.7637,0.1,0.09999999999999734,0.30000000000000004,1.3000000000000018,1.2999999999999996,26.3,83,1008.9,1.2999999999999545,14.2,0,0.0,none
2024-01-05 00:00:00,joglo,-6.2205,106.7589,1.2,6.7,33.5,67.0,82.9,23.7,96,1009.4,-0.8999999999999773,2.4,1,30.0,moderate
2024-01-18 16:00:00,joglo,-6.2205,106.7589,0.0,0.8999999999999999,1.0999999999999999,1.3,1.3000000000000016,28.0,82,1004.0,-1.5,11.2,0,0.0,none
2024-01-05 00:00:00,kalideres,-6.149429,106.711682,1.3,9.6,23.2,43.5,60.2,23.3,98,1010.6,-0.7999999999999545,4.4,1,37.5,moderate
2024-01-24 16:00:00,kalideres,-6.149429,106.711682,0.0,0.0,0.0,0.0,0.0,30.4,66,1008.0,-1.7999999999999545,15.5,0,0.0,none
2024-01-05 00:00:00,kapuk,-6.131298,106.746082,0.6,7.199999999999998,21.5,35.4,55.2,23.7,96,1010.9,-0.8999999999999773,3.6,1,30.0,moderate
2024-01-18 22:00:00,kapuk,-6.131298,106.746082,0.1,0.09999999999999734,0.30000000000000004,1.3000000000000018,1.2999999999999996,26.3,83,1009.2,1.3000000000000682,14.2,0,0.0,none
2024-01-05 00:00:00,kedaung kali angke,-6.1674,106.7637,0.6,7.199999999999998,21.5,35.4,55.2,23.7,96,1010.6,-0.8999999999999773,3.6,1,45.0,moderate
2024-01-18 22:00:00,kedaung kali angke,-6.1674,106.7637,0.1,0.09999999999999734,0.30000000000000004,1.3000000000000018,1.2999999999999996,26.3,83,1008.9,1.2999999999999545,14.2,0,0.0,none
2024-01-05 00:00:00,kedoya selatan,-6.183631,106.756812,0.6,7.199999999999998,21.5,35.4,55.2,23.7,96,1010.5,-0.8999999999999773,3.6,1,20.0,low
2024-01-18 22:00:00,kedoya selatan,-6.183631,106.756812,0.1,0.09999999999999734,0.30000000000000004,1.3000000000000018,1.2999999999999996,26.3,83,1008.8,1.2999999999999545,14.2,0,0.0,none
2024-01-05 00:00:00,kembangan utara,-6.1674,106.7637,0.6,7.199999999999998,21.5,35.4,55.2,23.7,96,1010.6,-0.8999999999999773,3.6,1,30.0,moderate
2024-01-18 22:00:00,kembangan utara,-6.1674,106.7637,0.1,0.09999999999999734,0.30000000000000004,1.3000000000000018,1.2999999999999996,26.3,83,1008.9,1.2999999999999545,14.2,0,0.0,none
2024-01-05 00:00:00,pegadungan,-6.124765,106.697982,1.3,9.6,23.2,43.5,60.2,23.3,98,1011.0,-0.7999999999999545,4.4,1,90.0,high
2024-01-24 16:00:00,pegadungan,-6.124765,106.697982,0.0,0.0,0.0,0.0,0.0,30.4,66,1008.4,-1.8000000000000682,15.5,0,0.0,none
2024-01-05 00:00:00,rawa buaya,-6.1674,106.7637,0.6,7.199999999999998,21.5,35.4,55.2,23.7,96,1010.6,-0.8999999999999773,3.6,1,55.0,high
2024-01-18 22:00:00,rawa buaya,-6.1674,106.7637,0.1,0.09999999999999734,0.30000000000000004,1.3000000000000018,1.2999999999999996,26.3,83,1008.9,1.2999999999999545,14.2,0,0.0,none
2024-01-05 00:00:00,sukabumi selatan,-6.219514,106.770077,1.2,6.7,33.5,67.0,82.9,23.7,96,1008.9,-0.8999999999999773,2.4,1,75.0,high
2024-01-18 16:00:00,sukabumi selatan,-6.219514,106.770077,0.0,0.8999999999999999,1.0999999999999999,1.3,1.3000000000000016,28.0,82,1003.6,-1.3999999999999773,11.2,0,0.0,none
2024-01-05 00:00:00,tanjung duren utara,-6.152345,106.742567,0.6,7.199999999999998,21.5,35.4,55.2,23.7,96,1010.8,-0.900000000000091,3.6,1,30.0,moderate
2024-01-18 22:00:00,tanjung duren utara,-6.152345,106.742567,0.1,0.09999999999999734,0.30000000000000004,1.3000000000000018,1.2999999999999996,26.3,83,1009.1,1.3000000000000682,14.2,0,0.0,none
2024-01-05 00:00:00,tegal alur,-6.1674,106.7637,0.6,7.199999999999998,21.5,35.4,55.2,23.7,96,1010.6,-0.8999999999999773,3.6,1,65.0,high
2024-01-18 22:00:00,tegal alur,-6.1674,106.7637,0.1,0.09999999999999734,0.30000000000000004,1.3000000000000018,1.2999999999999996,26.3,83,1008.9,1.2999999999999545,14.2,0,0.0,none
2024-01-05 00:00:00,kebon kosong,-6.1565,106.8565735,0.8,5.3999999999999995,15.1,26.4,44.4,23.8,95,1010.9,-1.0,3.2,1,40.0,moderate
2024-01-22 23:00:00,kebon kosong,-6.1565,106.8565735,0.0,0.0,0.0,0.2,0.5,27.7,72,1011.5,1.0,19.4,0,0.0,none
2024-01-05 04:00:00,cilandak barat,-6.283827499999999,106.80415450000001,1.1,2.9000000000000004,7.2,74.0,102.10000000000001,23.5,97,1005.8,-0.5,2.9,1,35.0,moderate
2024-01-16 14:00:00,cilandak barat,-6.283827499999999,106.80415450000001,0.3,0.3,0.3,0.3,4.500000000000004,31.9,59,1002.5,-2.0,18.1,0,0.0,none
2024-01-05 04:00:00,cilandak timur,-6.2615,106.8106,1.1,2.9000000000000004,7.2,74.0,102.10000000000001,23.5,97,1007.4,-0.5,2.9,1,30.0,moderate
2024-01-16 14:00:00,cilandak timur,-6.2615,106.8106,0.3,0.3,0.3,0.3,4.500000000000004,31.9,59,1004.1,-2.0,18.1,0,0.0,none
2024-01-05 04:00:00,pejaten timur,-6.2615,106.8106,1.1,2.9000000000000004,7.2,74.0,102.10000000000001,23.5,97,1007.4,-0.5,2.9,1,57.5,high
2024-01-16 14:00:00,pejaten timur,-6.2615,106.8106,0.3,0.3,0.3,0.3,4.500000000000004,31.9,59,1004.1,-2.0,18.1,0,0.0,none
2024-01-05 00:00:00,pela mampang,-6.214448,106.81918300000001,0.7,4.700000000000002,18.8,45.599999999999994,60.5,23.6,97,1009.7,-1.0,2.7,1,35.0,moderate
2024-01-26 05:00:00,pela mampang,-6.214448,106.81918300000001,0.0,0.0,0.0,0.09999999999999823,1.0999999999999983,23.7,96,1011.5,0.0,4.9,0,0.0,none
2024-01-05 00:00:00,bidara cina,-6.240897,106.866261,0.7,4.700000000000002,18.8,45.599999999999994,60.5,23.6,97,1009.4,-1.0,2.7,1,70.0,high
2024-01-26 05:00:00,bidara cina,-6.240897,106.866261,0.0,0.0,0.0,0.09999999999999823,1.0999999999999983,23.7,96,1011.2,0.0,4.9,0,0.0,none
2024-01-27 22:00:00,cakung barat,-6.174049,106.939457,1.8,4.300000000000002,4.299999999999998,6.3999999999999995,41.5,24.9,95,1013.6,1.8999999999999773,0.7,1,45.0,moderate
2024-01-20 19:00:00,cakung barat,-6.174049,106.939457,0.0,0.0,0.0,0.0,0.10000000000000134,28.9,65,1009.0,2.7999999999999545,16.2,0,0.0,none
2024-01-03 14:00:00,cakung timur,-6.225,106.9004,0.1,0.9000000000000009,8.5,27.5,37.6,28.2,78,1005.9,-2.3999999999999773,9.0,1,50.0,moderate
2024-01-01 09:00:00,cakung timur,-6.225,106.9004,0.2,0.2,0.2,0.2,0.2,28.9,76,1009.2,1.3000000000000682,1.0,0,0.0,none
2024-01-03 14:00:00,cawang,-6.225,106.9004,0.1,0.9000000000000009,8.5,27.5,37.6,28.2,78,1005.9,-2.3999999999999773,9.0,1,95.0,high
2024-01-01 09:00:00,cawang,-6.225,106.9004,0.2,0.2,0.2,0.2,0.2,28.9,76,1009.2,1.3000000000000682,1.0,0,0.0,none
2024-01-05 05:00:00,cililitan,-6.259398,106.865302,1.6,3.5000000000000018,6.4,38.199999999999996,61.1,23.2,98,1007.1,0.3000000000000682,4.2,1,60.0,high
2024-01-23 10:00:00,cililitan,-6.259398,106.865302,0.1,0.10000000000000134,0.10000000000000178,0.10000000000000134,0.5000000000000018,29.6,71,1009.5,0.5,12.9,0,0.0,none
2024-01-05 00:00:00,kampung melayu,-6.216456,106.857421,0.7,4.700000000000002,18.8,45.599999999999994,60.5,23.6,97,1009.9,-1.0,2.7,1,75.0,high
2024-01-26 05:00:00,kampung melayu,-6.216456,106.857421,0.0,0.0,0.0,0.09999999999999823,1.0999999999999983,23.7,96,1011.7,0.0,4.9,0,0.0,none
2024-01-27 22:00:00,rawa terate,-6.185812,106.922767,1.8,4.300000000000002,4.299999999999998,6.3999999999999995,41.5,24.9,95,1013.8,1.8999999999999773,0.7,1,35.0,moderate
2024-01-20 19:00:00,rawa terate,-6.185812,106.922767,0.0,0.0,0.0,0.0,0.10000000000000134,28.9,65,1009.2,2.800000000000068,16.2,0,0.0,none
2024-01-05 00:00:00,marunda,-6.1384,106.864,0.8,5.3999999999999995,15.1,26.4,44.4,23.8,95,1010.4,-1.0,3.2,1,15.0,low
2024-01-22 23:00:00,marunda,-6.1384,106.864,0.0,0.0,0.0,0.2,0.5,27.7,72,1011.0,1.0,19.4,0,0.0,none
2024-01-05 00:00:00,pluit,-6.108098,106.769752,0.6,7.199999999999998,21.5,35.4,55.2,23.7,96,1011.3,-0.900000000000091,3.6,1,42.5,moderate
2024-01-18 22:00:00,pluit,-6.108098,106.769752,0.1,0.09999999999999734,0.30000000000000004,1.3000000000000018,1.2999999999999996,26.3,83,1009.6,1.3000000000000682,14.2,0,0.0,none
2024-01-05 00:00:00,rorotan,-6.1384,106.864,0.8,5.3999999999999995,15.1,26.4,44.4,23.8,95,1010.4,-1.0,3.2,1,62.5,high
2024-01-22 23:00:00,rorotan,-6.1384,106.864,0.0,0.0,0.0,0.2,0.5,27.7,72,1011.0,1.0,19.4,0,0.0,none
2024-01-05 00:00:00,semper barat,-6.1384,106.864,0.8,5.3999999999999995,15.1,26.4,44.4,23.8,95,1010.4,-1.0,3.2,1,42.5,moderate
2024-01-22 23:00:00,semper barat,-6.1384,106.864,0.0,0.0,0.0,0.2,0.5,27.7,72,1011.0,1.0,19.4,0,0.0,none
2024-01-05 00:00:00,sukapura,-6.1384,106.864,0.8,5.3999999999999995,15.1,26.4,44.4,23.8,95,1010.4,-1.0,3.2,1,35.0,moderate
2024-01-22 23:00:00,sukapura,-6.1384,106.864,0.0,0.0,0.0,0.2,0.5,27.7,72,1011.0,1.0,19.4,0,0.0,none
2024-02-28 12:00:00,cengkareng barat,-6.1674,106.7637,0.9,4.399999999999999,9.4,28.8,32.7,26.3,89,1009.3,-1.2000000000000455,1.8,1,40.0,moderate
2024-02-02 21:00:00,cengkareng barat,-6.1674,106.7637,0.1,1.7000000000000002,2.2,4.4,4.4,25.8,96,1011.9,2.3999999999999773,5.8,0,0.0,none
2024-02-28 12:00:00,cengkareng timur,-6.1674,106.7637,0.9,4.399999999999999,9.4,28.8,32.7,26.3,89,1009.3,-1.2000000000000455,1.8,1,55.0,high
2024-02-02 21:00:00,cengkareng timur,-6.1674,106.7637,0.1,1.7000000000000002,2.2,4.4,4.4,25.8,96,1011.9,2.3999999999999773,5.8,0,0.0,none
2024-02-28 12:00:00,jelambar,-6.1674,106.7637,0.9,4.399999999999999,9.4,28.8,32.7,26.3,89,1009.3,-1.2000000000000455,1.8,1,30.0,moderate
2024-02-02 21:00:00,jelambar,-6.1674,106.7637,0.1,1.7000000000000002,2.2,4.4,4.4,25.8,96,1011.9,2.3999999999999773,5.8,0,0.0,none
2024-02-28 12:00:00,kapuk,-6.131298,106.746082,0.9,4.399999999999999,9.4,28.8,32.7,26.3,89,1009.6,-1.1999999999999318,1.8,1,30.0,moderate
2024-02-02 21:00:00,kapuk,-6.131298,106.746082,0.1,1.7000000000000002,2.2,4.4,4.4,25.8,96,1012.2,2.400000000000091,5.8,0,0.0,none
2024-02-28 12:00:00,kedaung kali angke,-6.1674,106.7637,0.9,4.399999999999999,9.4,28.8,32.7,26.3,89,1009.3,-1.2000000000000455,1.8,1,45.0,moderate
2024-02-02 21:00:00,kedaung kali angke,-6.1674,106.7637,0.1,1.7000000000000002,2.2,4.4,4.4,25.8,96,1011.9,2.3999999999999773,5.8,0,0.0,none
2024-02-28 11:00:00,pegadungan,-6.124765,106.697982,1.2,5.6999999999999975,16.7,38.2,43.699999999999996,25.1,93,1010.4,0.1999999999999318,5.8,1,70.0,high
2024-02-23 12:00:00,pegadungan,-6.124765,106.697982,0.0,0.0,0.0,0.0,0.1,32.5,58,1009.5,-2.2999999999999545,14.2,0,0.0,none
2024-02-28 12:00:00,rawa buaya,-6.1674,106.7637,0.9,4.399999999999999,9.4,28.8,32.7,26.3,89,1009.3,-1.2000000000000455,1.8,1,30.0,moderate
2024-02-02 21:00:00,rawa buaya,-6.1674,106.7637,0.1,1.7000000000000002,2.2,4.4,4.4,25.8,96,1011.9,2.3999999999999773,5.8,0,0.0,none
2024-02-28 12:00:00,tegal alur,-6.1674,106.7637,0.9,4.399999999999999,9.4,28.8,32.7,26.3,89,1009.3,-1.2000000000000455,1.8,1,45.0,moderate
2024-02-02 21:00:00,tegal alur,-6.1674,106.7637,0.1,1.7000000000000002,2.2,4.4,4.4,25.8,96,1011.9,2.3999999999999773,5.8,0,0.0,none
2024-02-28 14:00:00,cilandak timur,-6.2615,106.8106,0.3,2.4000000000000035,9.1,27.599999999999998,41.7,28.5,79,1005.5,-2.6000000000000227,3.3,1,80.0,high
2024-02-20 07:00:00,cilandak timur,-6.2615,106.8106,0.0,0.0,0.0,0.0999999999999989,3.5,25.5,90,1008.8,1.6999999999999318,3.2,0,0.0,none
2024-02-28 14:00:00,cipete utara,-6.2669,106.7972,0.3,2.4000000000000035,9.1,27.599999999999998,41.7,28.5,79,1004.8,-2.5,3.3,1,75.0,high
2024-02-20 07:00:00,cipete utara,-6.2669,106.7972,0.0,0.0,0.0,0.0999999999999989,3.5,25.5,90,1008.0,1.7000000000000455,3.2,0,0.0,none
2024-02-28 14:00:00,pejaten timur,-6.2615,106.8106,0.3,2.4000000000000035,9.1,27.599999999999998,41.7,28.5,79,1005.5,-2.6000000000000227,3.3,1,42.5,moderate
2024-02-20 07:00:00,pejaten timur,-6.2615,106.8106,0.0,0.0,0.0,0.0999999999999989,3.5,25.5,90,1008.8,1.6999999999999318,3.2,0,0.0,none
2024-02-28 12:00:00,pela mampang,-6.214448,106.81918300000001,1.8,5.999999999999999,16.1,33.5,39.300000000000004,26.3,90,1008.5,-1.2999999999999545,3.6,1,35.0,moderate
2024-02-24 12:00:00,pela mampang,-6.214448,106.81918300000001,0.2,0.5000000000000009,1.700000000000002,2.4000000000000004,3.2,30.9,72,1008.7,-2.099999999999909,8.7,0,0.0,none
2024-02-28 12:00:00,petogogan,-6.244265,106.813506,1.6,6.0,14.8,33.3,36.0,26.2,90,1008.4,-1.2000000000000455,3.1,1,30.0,moderate
2024-02-11 18:00:00,petogogan,-6.244265,106.813506,0.6,1.9999999999999998,3.0999999999999996,3.3,3.3,26.7,85,1010.2,1.6000000000000227,2.7,0,0.0,none
2024-02-28 12:00:00,tegal parang,-6.25044,106.83147,1.8,5.999999999999999,16.1,33.5,39.300000000000004,26.3,90,1007.4,-1.3000000000000682,3.6,1,30.0,moderate
2024-02-24 12:00:00,tegal parang,-6.25044,106.83147,0.2,0.5000000000000009,1.700000000000002,2.4000000000000004,3.2,30.9,72,1007.7,-2.0,8.7,0,0.0,none
2024-02-28 12:00:00,pluit,-6.108098,106.769752,0.9,4.399999999999999,9.4,28.8,32.7,26.4,89,1010.0,-1.2000000000000455,1.8,1,12.5,low
2024-02-02 21:00:00,pluit,-6.108098,106.769752,0.1,1.7000000000000002,2.2,4.4,4.4,25.9,97,1012.6,2.3999999999999773,5.8,0,0.0,none
2024-03-12 03:00:00,cengkareng timur,-6.1674,106.7637,0.2,1.3,6.3,32.9,39.6,24.3,94,1008.8,-1.7000000000000455,4.0,1,30.0,moderate
2024-03-05 08:00:00,cengkareng timur,-6.1674,106.7637,0.0,0.0,0.0,0.0,4.3,28.2,79,1009.5,2.0,11.1,0,0.0,none
2024-03-12 03:00:00,duri kosambi,-6.1674,106.7637,0.2,1.3,6.3,32.9,39.6,24.3,94,1008.8,-1.7000000000000455,4.0,1,50.0,moderate
2024-03-05 08:00:00,duri kosambi,-6.1674,106.7637,0.0,0.0,0.0,0.0,4.3,28.2,79,1009.5,2.0,11.1,0,0.0,none
2024-03-12 00:00:00,kebon jeruk,-6.191466666666667,106.78563333333334,1.1,12.4,26.200000000000003,34.1,37.0,24.0,95,1010.1,0.10000000000002274,9.1,1,70.0,high
2024-03-21 11:00:00,kebon jeruk,-6.191466666666667,106.78563333333334,0.4,0.6000000000000005,0.6000000000000005,0.6000000000000023,0.6000000000000001,29.5,71,1009.9,-0.5,14.3,0,0.0,none
2024-03-12 03:00:00,kedaung kali angke,-6.1674,106.7637,0.2,1.3,6.3,32.9,39.6,24.3,94,1008.8,-1.7000000000000455,4.0,1,35.0,moderate
2024-03-05 08:00:00,kedaung kali angke,-6.1674,106.7637,0.0,0.0,0.0,0.0,4.3,28.2,79,1009.5,2.0,11.1,0,0.0,none
2024-03-12 03:00:00,kedoya selatan,-6.183631,106.756812,0.2,1.3,6.3,32.9,39.6,24.3,94,1008.7,-1.6999999999999318,4.0,1,65.0,high
2024-03-05 08:00:00,kedoya selatan,-6.183631,106.756812,0.0,0.0,0.0,0.0,4.3,28.2,79,1009.4,2.0,11.1,0,0.0,none
2024-03-12 03:00:00,kembangan selatan,-6.18564475,106.73898425,0.2,1.3,6.3,32.9,39.6,24.3,94,1008.7,-1.6999999999999318,4.0,1,50.0,moderate
2024-03-05 08:00:00,kembangan selatan,-6.18564475,106.73898425,0.0,0.0,0.0,0.0,4.3,28.2,79,1009.4,2.0,11.1,0,0.0,none
2024-03-12 03:00:00,kembangan utara,-6.1674,106.7637,0.2,1.3,6.3,32.9,39.6,24.3,94,1008.8,-1.7000000000000455,4.0,1,55.0,high
2024-03-05 08:00:00,kembangan utara,-6.1674,106.7637,0.0,0.0,0.0,0.0,4.3,28.2,79,1009.5,2.0,11.1,0,0.0,none
2024-03-12 03:00:00,rawa buaya,-6.1674,106.7637,0.2,1.3,6.3,32.9,39.6,24.3,94,1008.8,-1.7000000000000455,4.0,1,90.0,high
2024-03-05 08:00:00,rawa buaya,-6.1674,106.7637,0.0,0.0,0.0,0.0,4.3,28.2,79,1009.5,2.0,11.1,0,0.0,none
2024-03-12 00:00:00,petamburan,-6.1931080000000005,106.80795950000001,1.1,12.4,26.200000000000003,34.1,37.0,24.0,95,1010.6,0.10000000000002274,9.1,1,40.0,moderate
2024-03-21 11:00:00,petamburan,-6.1931080000000005,106.80795950000001,0.4,0.6000000000000005,0.6000000000000005,0.6000000000000023,0.6000000000000001,29.5,71,1010.4,-0.5,14.3,0,0.0,none
2024-03-12 02:00:00,bangka,-6.214879,106.819983,0.5,1.4,18.5,33.7,38.7,23.8,96,1008.5,-2.0,7.3,1,150.0,critical
2024-03-01 15:00:00,bangka,-6.214879,106.819983,0.0,2.9000000000000004,3.5000000000000004,3.5000000000000004,3.5000000000000004,30.3,71,1005.7,-1.7999999999999545,7.6,0,0.0,none
2024-03-12 00:00:00,bintaro,-6.2615,106.8106,3.6,16.099999999999998,26.3,34.2,40.6,23.8,96,1008.9,0.2999999999999545,9.1,1,160.0,critical
2024-03-20 22:00:00,bintaro,-6.2615,106.8106,0.0,0.0,0.0,0.0,0.0,26.8,76,1008.0,1.3999999999999773,9.8,0,0.0,none
2024-03-12 02:00:00,cikoko,-6.245382,106.85233,0.5,1.4,18.5,33.7,38.7,23.8,96,1007.2,-2.0,7.3,1,65.0,high
2024-03-01 15:00:00,cikoko,-6.245382,106.85233,0.0,2.9000000000000004,3.5000000000000004,3.5000000000000004,3.5000000000000004,30.3,71,1004.5,-1.7999999999999545,7.6,0,0.0,none
2024-03-12 00:00:00,cilandak timur,-6.2615,106.8106,3.6,16.099999999999998,26.3,34.2,40.6,23.8,96,1008.9,0.2999999999999545,9.1,1,84.0,high
2024-03-20 22:00:00,cilandak timur,-6.2615,106.8106,0.0,0.0,0.0,0.0,0.0,26.8,76,1008.0,1.3999999999999773,9.8,0,0.0,none
2024-03-12 00:00:00,cipulir,-6.2615,106.8106,3.6,16.099999999999998,26.3,34.2,40.6,23.8,96,1008.9,0.2999999999999545,9.1,1,130.0,critical
2024-03-20 22:00:00,cipulir,-6.2615,106.8106,0.0,0.0,0.0,0.0,0.0,26.8,76,1008.0,1.3999999999999773,9.8,0,0.0,none
2024-03-12 00:00:00,grogol selatan,-6.2615,106.8106,3.6,16.099999999999998,26.3,34.2,40.6,23.8,96,1008.9,0.2999999999999545,9.1,1,40.0,moderate
2024-03-20 22:00:00,grogol selatan,-6.2615,106.8106,0.0,0.0,0.0,0.0,0.0,26.8,76,1008.0,1.3999999999999773,9.8,0,0.0,none
2024-03-12 00:00:00,kebon baru,-6.2615,106.8106,3.6,16.099999999999998,26.3,34.2,40.6,23.8,96,1008.9,0.2999999999999545,9.1,1,130.0,critical
2024-03-20 22:00:00,kebon baru,-6.2615,106.8106,0.0,0.0,0.0,0.0,0.0,26.8,76,1008.0,1.3999999999999773,9.8,0,0.0,none
2024-03-12 00:00:00,lebak bulus,-6.3045729999999995,106.784461,3.6,16.099999999999998,26.3,34.2,40.6,23.8,96,1006.5,0.2999999999999545,9.1,1,45.0,moderate
2024-03-20 22:00:00,lebak bulus,-6.3045729999999995,106.784461,0.0,0.0,0.0,0.0,0.0,26.8,76,1005.6,1.3999999999999773,9.8,0,0.0,none
2024-03-12 00:00:00,lenteng agung,-6.2615,106.8106,3.6,16.099999999999998,26.3,34.2,40.6,23.8,96,1008.9,0.2999999999999545,9.1,1,65.0,high
2024-03-20 22:00:00,lenteng agung,-6.2615,106.8106,0.0,0.0,0.0,0.0,0.0,26.8,76,1008.0,1.3999999999999773,9.8,0,0.0,none
2024-03-12 02:00:00,manggarai,-6.209834,106.850523,0.5,1.4,18.5,33.7,38.7,23.8,96,1008.6,-2.0,7.3,1,77.5,high
2024-03-01 15:00:00,manggarai,-6.209834,106.850523,0.0,2.9000000000000004,3.5000000000000004,3.5000000000000004,3.5000000000000004,30.3,71,1005.8,-1.8000000000000682,7.6,0,0.0,none
2024-03-12 00:00:00,pejaten timur,-6.2615,106.8106,3.6,16.099999999999998,26.3,34.2,40.6,23.8,96,1008.9,0.2999999999999545,9.1,1,200.0,critical
2024-03-20 22:00:00,pejaten timur,-6.2615,106.8106,0.0,0.0,0.0,0.0,0.0,26.8,76,1008.0,1.3999999999999773,9.8,0,0.0,none
2024-03-12 02:00:00,pela mampang,-6.214448,106.81918300000001,0.5,1.4,18.5,33.7,38.7,23.8,96,1008.5,-2.0,7.3,1,30.0,moderate
2024-03-01 15:00:00,pela mampang,-6.214448,106.81918300000001,0.0,2.9000000000000004,3.5000000000000004,3.5000000000000004,3.5000000000000004,30.3,71,1005.7,-1.7999999999999545,7.6,0,0.0,none
2024-03-12 02:00:00,pengadegan,-6.251315,106.861639,0.5,1.4,18.5,33.7,38.7,23.8,96,1007.4,-2.0,7.3,1,195.0,critical
2024-03-01 15:00:00,pengadegan,-6.251315,106.861639,0.0,2.9000000000000004,3.5000000000000004,3.5000000000000004,3.5000000000000004,30.3,71,1004.7,-1.7999999999999545,7.6,0,0.0,none
2024-03-12 00:00:00,pesanggrahan,-6.2615,106.8106,3.6,16.099999999999998,26.3,34.2,40.6,23.8,96,1008.9,0.2999999999999545,9.1,1,67.5,high
2024-03-20 22:00:00,pesanggrahan,-6.2615,106.8106,0.0,0.0,0.0,0.0,0.0,26.8,76,1008.0,1.3999999999999773,9.8,0,0.0,none
2024-03-12 00:00:00,pondok labu,-6.306464,106.798521,3.6,16.099999999999998,26.3,34.2,40.6,23.8,96,1006.7,0.3000000000000682,9.1,1,120.0,critical
2024-03-20 22:00:00,pondok labu,-6.306464,106.798521,0.0,0.0,0.0,0.0,0.0,26.8,76,1005.8,1.2999999999999545,9.8,0,0.0,none
2024-03-12 00:00:00,pondok pinang,-6.2615,106.8106,3.6,16.099999999999998,26.3,34.2,40.6,23.8,96,1008.9,0.2999999999999545,9.1,1,90.0,high
2024-03-20 22:00:00,pondok pinang,-6.2615,106.8106,0.0,0.0,0.0,0.0,0.0,26.8,76,1008.0,1.3999999999999773,9.8,0,0.0,none
2024-03-12 00:00:00,rawa jati,-6.2615,106.8106,3.6,16.099999999999998,26.3,34.2,40.6,23.8,96,1008.9,0.2999999999999545,9.1,1,191.0,critical
2024-03-20 22:00:00,rawa jati,-6.2615,106.8106,0.0,0.0,0.0,0.0,0.0,26.8,76,1008.0,1.3999999999999773,9.8,0,0.0,none
2024-03-12 00:00:00,srengseng sawah,-6.2615,106.8106,3.6,16.099999999999998,26.3,34.2,40.6,23.8,96,1008.9,0.2999999999999545,9.1,1,50.0,moderate
2024-03-20 22:00:00,srengseng sawah,-6.2615,106.8106,0.0,0.0,0.0,0.0,0.0,26.8,76,1008.0,1.3999999999999773,9.8,0,0.0,none
2024-03-12 00:00:00,tanjung barat,-6.309537,106.850701,2.7,17.0,25.1,34.199999999999996,40.0,23.7,97,1006.6,0.3000000000000682,12.1,1,170.0,critical
2024-03-30 03:00:00,tanjung barat,-6.309537,106.850701,0.0,0.0,0.0,0.19999999999999646,2.2,24.4,92,1006.0,-0.8999999999999773,5.4,0,0.0,none
2024-03-12 02:00:00,tegal parang,-6.25044,106.83147,0.5,1.4,18.5,33.7,38.7,23.8,96,1007.4,-2.0,7.3,1,30.0,moderate
2024-03-01 15:00:00,tegal parang,-6.25044,106.83147,0.0,2.9000000000000004,3.5000000000000004,3.5000000000000004,3.5000000000000004,30.3,71,1004.7,-1.7999999999999545,7.6,0,0.0,none
2024-03-12 00:00:00,ulujami,-6.2615,106.8106,3.6,16.099999999999998,26.3,34.2,40.6,23.8,96,1008.9,0.2999999999999545,9.1,1,45.0,moderate
2024-03-20 22:00:00,ulujami,-6.2615,106.8106,0.0,0.0,0.0,0.0,0.0,26.8,76,1008.0,1.3999999999999773,9.8,0,0.0,none
2024-03-12 04:00:00,bale kambang,-6.225,106.9004,0.5,1.2999999999999998,5.7,31.299999999999997,39.0,24.0,94,1007.8,-0.7000000000000455,5.1,1,145.0,critical
2024-03-26 23:00:00,bale kambang,-6.225,106.9004,0.0,0.19999999999999996,0.7999999999999999,1.0999999999999965,1.1,25.3,98,1011.3,1.3999999999999773,2.5,0,0.0,none
2024-03-12 04:00:00,bali mester,-6.225,106.9004,0.5,1.2999999999999998,5.7,31.299999999999997,39.0,24.0,94,1007.8,-0.7000000000000455,5.1,1,50.0,moderate
2024-03-26 23:00:00,bali mester,-6.225,106.9004,0.0,0.19999999999999996,0.7999999999999999,1.0999999999999965,1.1,25.3,98,1011.3,1.3999999999999773,2.5,0,0.0,none
2024-03-12 02:00:00,bidara cina,-6.240897,106.866261,0.5,1.4,18.5,33.7,38.7,23.8,96,1008.2,-2.0,7.3,1,225.0,critical
2024-03-01 15:00:00,bidara cina,-6.240897,106.866261,0.0,2.9000000000000004,3.5000000000000004,3.5000000000000004,3.5000000000000004,30.3,71,1005.5,-1.7999999999999545,7.6,0,0.0,none
2024-03-12 04:00:00,cawang,-6.225,106.9004,0.5,1.2999999999999998,5.7,31.299999999999997,39.0,24.0,94,1007.8,-0.7000000000000455,5.1,1,200.0,critical
2024-03-26 23:00:00,cawang,-6.225,106.9004,0.0,0.19999999999999996,0.7999999999999999,1.0999999999999965,1.1,25.3,98,1011.3,1.3999999999999773,2.5,0,0.0,none
2024-03-12 00:00:00,cililitan,-6.259398,106.865302,2.7,17.0,25.1,34.199999999999996,40.0,23.7,97,1008.4,0.2999999999999545,12.1,1,188.0,critical
2024-03-30 03:00:00,cililitan,-6.259398,106.865302,0.0,0.0,0.0,0.19999999999999646,2.2,24.4,92,1007.8,-0.900000000000091,5.4,0,0.0,none
2024-03-12 02:00:00,cipinang melayu,-6.252134,106.872832,0.5,1.4,18.5,33.7,38.7,23.8,96,1007.5,-2.0,7.3,1,35.0,moderate
2024-03-01 15:00:00,cipinang melayu,-6.252134,106.872832,0.0,2.9000000000000004,3.5000000000000004,3.5000000000000004,3.5000000000000004,30.3,71,1004.8,-1.8000000000000682,7.6,0,0.0,none
2024-03-12 02:00:00,cipinang muara,-6.237389,106.891973,0.5,1.4,18.5,33.7,38.7,23.8,96,1008.1,-2.0,7.3,1,60.0,high
2024-03-01 15:00:00,cipinang muara,-6.237389,106.891973,0.0,2.9000000000000004,3.5000000000000004,3.5000000000000004,3.5000000000000004,30.3,71,1005.4,-1.8000000000000682,7.6,0,0.0,none
2024-03-12 04:00:00,gedong,-6.330614,106.900151,0.3,1.0,10.2,33.6,36.7,23.2,92,1004.3,-0.900000000000091,9.2,1,265.0,critical
2024-03-01 09:00:00,gedong,-6.330614,106.900151,0.1,1.9000000000000001,1.9000000000000001,1.9000000000000001,1.9000000000000001,27.2,83,1005.5,2.1000000000000227,6.7,0,0.0,none
2024-03-12 02:00:00,kampung melayu,-6.216456,106.857421,0.5,1.4,18.5,33.7,38.7,23.8,96,1008.7,-2.0,7.3,1,180.0,critical
2024-03-01 15:00:00,kampung melayu,-6.216456,106.857421,0.0,2.9000000000000004,3.5000000000000004,3.5000000000000004,3.5000000000000004,30.3,71,1005.9,-1.8000000000000682,7.6,0,0.0,none
2024-03-12 04:00:00,lubang buaya,-6.225,106.9004,0.5,1.2999999999999998,5.7,31.299999999999997,39.0,24.0,94,1007.8,-0.7000000000000455,5.1,1,30.0,moderate
2024-03-26 23:00:00,lubang buaya,-6.225,106.9004,0.0,0.19999999999999996,0.7999999999999999,1.0999999999999965,1.1,25.3,98,1011.3,1.3999999999999773,2.5,0,0.0,none
2024-04-27 21:00:00,duri kepa,-6.18935,106.7757,0.2,0.8,11.200000000000003,27.9,28.099999999999998,26.1,97,1009.3,1.6999999999999318,7.4,1,40.0,moderate
2024-04-01 09:00:00,duri kepa,-6.18935,106.7757,0.0,0.0,0.0,0.1,0.1,29.2,77,1010.9,1.3999999999999773,2.9,0,0.0,none
2024-04-21 09:00:00,duri kosambi,-6.1674,106.7637,0.2,6.2,6.199999999999999,8.4,28.700000000000003,27.0,89,1009.3,1.099999999999909,2.9,1,40.0,moderate
2024-04-08 18:00:00,duri kosambi,-6.1674,106.7637,0.0,0.1,0.7,0.9,2.5,29.1,78,1005.9,1.5,5.9,0,0.0,none
2024-04-27 21:00:00,joglo,-6.2205,106.7589,0.2,0.8,11.200000000000003,27.9,28.099999999999998,26.1,97,1008.1,1.7000000000000455,7.4,1,52.5,high
2024-04-01 09:00:00,joglo,-6.2205,106.7589,0.0,0.0,0.0,0.1,0.1,29.2,77,1009.7,1.400000000000091,2.9,0,0.0,none
2024-04-21 09:00:00,rawa buaya,-6.1674,106.7637,0.2,6.2,6.199999999999999,8.4,28.700000000000003,27.0,89,1009.3,1.099999999999909,2.9,1,62.5,high
2024-04-08 18:00:00,rawa buaya,-6.1674,106.7637,0.0,0.1,0.7,0.9,2.5,29.1,78,1005.9,1.5,5.9,0,0.0,none
2024-04-27 21:00:00,sukabumi selatan,-6.219514,106.770077,0.2,0.8,11.200000000000003,27.9,28.099999999999998,26.1,97,1007.7,1.7000000000000455,7.4,1,112.5,critical
2024-04-01 09:00:00,sukabumi selatan,-6.219514,106.770077,0.0,0.0,0.0,0.1,0.1,29.2,77,1009.3,1.3999999999999773,2.9,0,0.0,none
2024-04-21 23:00:00,kuningan barat,-6.235233,106.818793,0.1,6.3,11.099999999999998,18.599999999999998,28.5,25.2,96,1008.9,0.5,4.5,1,55.0,high
2024-04-11 13:00:00,kuningan barat,-6.235233,106.818793,0.7,0.7999999999999999,0.7999999999999999,0.7999999999999999,2.3,30.0,76,1006.9,-2.300000000000068,8.8,0,0.0,none
2024-04-21 23:00:00,bidara cina,-6.240897,106.866261,0.1,6.3,11.099999999999998,18.599999999999998,28.5,25.2,96,1008.5,0.5,4.5,1,35.0,moderate
2024-04-11 13:00:00,bidara cina,-6.240897,106.866261,0.7,0.7999999999999999,0.7999999999999999,0.7999999999999999,2.3,30.0,76,1006.6,-2.2999999999999545,8.8,0,0.0,none
2024-04-21 23:00:00,cipinang melayu,-6.252134,106.872832,0.1,6.3,11.099999999999998,18.599999999999998,28.5,25.2,96,1007.8,0.39999999999997726,4.5,1,115.0,critical
2024-04-11 13:00:00,cipinang melayu,-6.252134,106.872832,0.7,0.7999999999999999,0.7999999999999999,0.7999999999999999,2.3,30.0,76,1005.9,-2.300000000000068,8.8,0,0.0,none
2024-04-21 23:00:00,cipinang muara,-6.237389,106.891973,0.1,6.3,11.099999999999998,18.599999999999998,28.5,25.2,96,1008.4,0.5,4.5,1,30.0,moderate
2024-04-11 13:00:00,cipinang muara,-6.237389,106.891973,0.7,0.7999999999999999,0.7999999999999999,0.7999999999999999,2.3,30.0,76,1006.5,-2.2999999999999545,8.8,0,0.0,none
2024-04-21 23:00:00,kampung melayu,-6.216456,106.857421,0.1,6.3,11.099999999999998,18.599999999999998,28.5,25.2,96,1009.0,0.5,4.5,1,35.0,moderate
2024-04-11 13:00:00,kampung melayu,-6.216456,106.857421,0.7,0.7999999999999999,0.7999999999999999,0.7999999999999999,2.3,30.0,76,1007.0,-2.2999999999999545,8.8,0,0.0,none
2024-04-21 15:00:00,lubang buaya,-6.225,106.9004,2.3,11.7,11.7,17.3,32.4,28.2,78,1004.9,-1.5,1.3,1,30.0,moderate
2024-04-29 08:00:00,lubang buaya,-6.225,106.9004,0.0,0.0,0.0,0.0,0.7999999999999983,29.2,81,1007.5,1.1000000000000227,5.4,0,0.0,none
2024-04-21 15:00:00,setu,-6.225,106.9004,2.3,11.7,11.7,17.3,32.4,28.2,78,1004.9,-1.5,1.3,1,30.0,moderate
2024-04-29 08:00:00,setu,-6.225,106.9004,0.0,0.0,0.0,0.0,0.7999999999999983,29.2,81,1007.5,1.1000000000000227,5.4,0,0.0,none
2024-04-21 09:00:00,pluit,-6.108098,106.769752,0.2,6.2,6.199999999999999,8.4,28.700000000000003,27.0,89,1010.0,1.1000000000000227,2.9,1,32.5,moderate
2024-04-08 18:00:00,pluit,-6.108098,106.769752,0.0,0.1,0.7,0.9,2.5,29.1,78,1006.6,1.5,5.9,0,0.0,none
2024-05-25 12:00:00,duri kepa,-6.18935,106.7757,1.6,9.000000000000002,23.7,32.3,45.0,25.6,92,1010.0,-1.5,3.6,1,35.0,moderate
2024-05-21 02:00:00,duri kepa,-6.18935,106.7757,0.0,0.0,0.0,0.4999999999999991,0.4999999999999991,25.8,92,1007.1,-1.5,3.9,0,0.0,none
2024-05-25 12:00:00,joglo,-6.2205,106.7589,1.6,9.000000000000002,23.7,32.3,45.0,25.6,92,1008.8,-1.5,3.6,1,45.0,moderate
2024-05-21 02:00:00,joglo,-6.2205,106.7589,0.0,0.0,0.0,0.4999999999999991,0.4999999999999991,25.8,92,1005.9,-1.5,3.9,0,0.0,none
2024-05-25 12:00:00,kembangan selatan,-6.18564475,106.73898425,1.9,12.699999999999998,37.1,46.9,70.2,25.6,92,1009.9,-1.5,5.0,1,55.0,high
2024-05-30 07:00:00,kembangan selatan,-6.18564475,106.73898425,0.0,0.0,0.0,2.0,3.6,25.5,94,1009.5,0.7999999999999545,3.6,0,0.0,none
2024-05-25 12:00:00,meruya utara,-6.1674,106.7637,1.9,12.699999999999998,37.1,46.9,70.2,25.6,92,1010.0,-1.5,5.0,1,80.0,high
2024-05-30 07:00:00,meruya utara,-6.1674,106.7637,0.0,0.0,0.0,2.0,3.6,25.5,94,1009.6,0.8000000000000682,3.6,0,0.0,none
2024-05-25 12:00:00,rawa buaya,-6.1674,106.7637,1.9,12.699999999999998,37.1,46.9,70.2,25.6,92,1010.0,-1.5,5.0,1,30.0,moderate
2024-05-30 07:00:00,rawa buaya,-6.1674,106.7637,0.0,0.0,0.0,2.0,3.6,25.5,94,1009.6,0.8000000000000682,3.6,0,0.0,none
2024-05-25 12:00:00,srengseng,-6.12377,106.715936,1.9,12.4,30.2,41.7,64.7,25.6,92,1010.1,-1.3999999999999773,4.5,1,40.0,moderate
2024-05-21 02:00:00,srengseng,-6.12377,106.715936,0.0,0.0,3.1999999999999993,3.499999999999999,3.5,25.0,97,1007.2,-1.5,4.2,0,0.0,none
2024-05-25 12:00:00,sukabumi selatan,-6.219514,106.770077,1.6,9.000000000000002,23.7,32.3,45.0,25.6,92,1008.4,-1.5,3.6,1,72.5,high
2024-05-21 02:00:00,sukabumi selatan,-6.219514,106.770077,0.0,0.0,0.0,0.4999999999999991,0.4999999999999991,25.8,92,1005.5,-1.5,3.9,0,0.0,none
2024-05-14 12:00:00,ciganjur,-6.324882,106.804457,5.4,5.499999999999998,5.5,5.5,33.4,29.1,76,1004.3,-0.900000000000091,9.9,1,40.0,moderate
2024-05-21 20:00:00,ciganjur,-6.324882,106.804457,0.0,0.0,0.19999999999999912,0.8000000000000009,0.8000000000000018,29.1,72,1003.2,1.8000000000000682,1.6,0,0.0,none
2024-05-14 12:00:00,cilandak timur,-6.2615,106.8106,5.4,5.499999999999998,5.5,5.5,33.4,29.1,76,1006.6,-0.8999999999999773,9.9,1,62.5,high
2024-05-21 20:00:00,cilandak timur,-6.2615,106.8106,0.0,0.0,0.19999999999999912,0.8000000000000009,0.8000000000000018,29.1,72,1005.5,1.7999999999999545,1.6,0,0.0,none
2024-05-14 13:00:00,kalibata,-6.260452,106.846903,1.6,8.9,8.9,8.9,40.0,26.9,87,1006.4,-1.1000000000000227,8.4,1,60.0,high
2024-05-16 14:00:00,kalibata,-6.260452,106.846903,0.3,0.3,0.3,0.3,0.9,31.4,65,1005.3,-2.0,5.1,0,0.0,none
2024-05-25 12:00:00,kuningan barat,-6.235233,106.818793,1.7,15.900000000000002,29.700000000000003,34.6,49.1,25.7,90,1009.3,-1.5,2.4,1,65.0,high
2024-05-13 15:00:00,kuningan barat,-6.235233,106.818793,0.4,0.6000000000000001,1.8999999999999988,1.8999999999999988,2.8,29.9,76,1004.7,-1.7999999999999545,2.5,0,0.0,none
2024-05-25 12:00:00,pela mampang,-6.214448,106.81918300000001,1.7,15.900000000000002,29.700000000000003,34.6,49.1,25.7,90,1009.2,-1.5,2.4,1,50.0,moderate
2024-05-13 15:00:00,pela mampang,-6.214448,106.81918300000001,0.4,0.6000000000000001,1.8999999999999988,1.8999999999999988,2.8,29.9,76,1004.6,-1.7999999999999545,2.5,0,0.0,none
2024-05-25 12:00:00,bidara cina,-6.240897,106.866261,1.7,15.900000000000002,29.700000000000003,34.6,49.1,25.7,90,1008.9,-1.5,2.4,1,50.0,moderate
2024-05-13 15:00:00,bidara cina,-6.240897,106.866261,0.4,0.6000000000000001,1.8999999999999988,1.8999999999999988,2.8,29.9,76,1004.4,-1.8000000000000682,2.5,0,0.0,none
2024-05-25 13:00:00,cawang,-6.225,106.9004,1.0,7.4,23.199999999999996,27.5,49.2,26.0,87,1008.3,-1.900000000000091,1.1,1,87.5,high
2024-05-31 16:00:00,cawang,-6.225,106.9004,0.0,0.5999999999999995,0.6,0.5999999999999982,0.6,31.0,72,1005.4,-0.8000000000000682,7.4,0,0.0,none
2024-05-14 13:00:00,cililitan,-6.259398,106.865302,1.6,8.9,8.9,8.9,40.0,26.9,87,1005.9,-1.0,8.4,1,65.0,high
2024-05-16 14:00:00,cililitan,-6.259398,106.865302,0.3,0.3,0.3,0.3,0.9,31.4,65,1004.7,-2.0,5.1,0,0.0,none
2024-05-25 12:00:00,cipinang muara,-6.237389,106.891973,1.7,15.900000000000002,29.700000000000003,34.6,49.1,25.7,90,1008.8,-1.5,2.4,1,30.0,moderate
2024-05-13 15:00:00,cipinang muara,-6.237389,106.891973,0.4,0.6000000000000001,1.8999999999999988,1.8999999999999988,2.8,29.9,76,1004.3,-1.8000000000000682,2.5,0,0.0,none
2024-05-25 12:00:00,kampung melayu,-6.216456,106.857421,1.7,15.900000000000002,29.700000000000003,34.6,49.1,25.7,90,1009.4,-1.5,2.4,1,35.0,moderate
2024-05-13 15:00:00,kampung melayu,-6.216456,106.857421,0.4,0.6000000000000001,1.8999999999999988,1.8999999999999988,2.8,29.9,76,1004.8,-1.8000000000000682,2.5,0,0.0,none
2024-05-14 13:00:00,makasar,-6.271194,106.894547,1.6,8.9,8.9,8.9,40.0,26.9,87,1005.0,-1.0,8.4,1,30.0,moderate
2024-05-16 14:00:00,makasar,-6.271194,106.894547,0.3,0.3,0.3,0.3,0.9,31.4,65,1003.8,-2.0,5.1,0,0.0,none
2024-05-25 12:00:00,pluit,-6.108098,106.769752,1.9,12.699999999999998,37.1,46.9,70.2,25.7,92,1010.7,-1.5,5.0,1,37.5,moderate
2024-05-30 07:00:00,pluit,-6.108098,106.769752,0.0,0.0,0.0,2.0,3.6,25.6,94,1010.3,0.7999999999999545,3.6,0,0.0,none
2024-06-03 17:00:00,kembangan selatan,-6.18564475,106.73898425,0.3,3.1,3.2,9.4,20.6,28.2,80,1009.2,1.0,5.8,1,40.0,moderate
2024-06-05 13:00:00,kembangan selatan,-6.18564475,106.73898425,0.0,0.0,0.0,0.0,2.2,31.6,67,1010.0,-2.1000000000000227,7.0,0,0.0,none
2024-06-03 17:00:00,rawa buaya,-6.1674,106.7637,0.3,3.1,3.2,9.4,20.6,28.2,80,1009.3,1.0,5.8,1,40.0,moderate
2024-06-05 13:00:00,rawa buaya,-6.1674,106.7637,0.0,0.0,0.0,0.0,2.2,31.6,67,1010.1,-2.1000000000000227,7.0,0,0.0,none
2024-06-15 15:00:00,cilandak barat,-6.283827499999999,106.80415450000001,8.6,9.000000000000002,9.3,9.5,25.799999999999997,27.5,85,1002.9,-1.3000000000000682,9.2,1,40.0,moderate
2024-06-08 18:00:00,cilandak barat,-6.283827499999999,106.80415450000001,0.0,0.0,0.40000000000000013,0.4,0.5,28.0,80,1004.1,0.39999999999997726,5.1,0,0.0,none
2024-06-15 15:00:00,cilandak timur,-6.2615,106.8106,8.6,9.000000000000002,9.3,9.5,25.799999999999997,27.5,85,1004.5,-1.2999999999999545,9.2,1,55.0,high
2024-06-08 18:00:00,cilandak timur,-6.2615,106.8106,0.0,0.0,0.40000000000000013,0.4,0.5,28.0,80,1005.7,0.40000000000009095,5.1,0,0.0,none
2024-06-15 15:00:00,duren tiga,-6.2615,106.8106,8.6,9.000000000000002,9.3,9.5,25.799999999999997,27.5,85,1004.5,-1.2999999999999545,9.2,1,90.0,high
2024-06-08 18:00:00,duren tiga,-6.2615,106.8106,0.0,0.0,0.40000000000000013,0.4,0.5,28.0,80,1005.7,0.40000000000009095,5.1,0,0.0,none
2024-06-11 18:00:00,kuningan barat,-6.235233,106.818793,1.5,2.700000000000001,6.3999999999999995,6.8,21.4,24.9,96,1010.3,1.099999999999909,9.2,1,95.0,high
2024-06-14 15:00:00,kuningan barat,-6.235233,106.818793,0.0,0.10000000000000178,0.5,3.1,3.900000000000002,30.7,71,1005.2,-1.8999999999999773,7.2,0,0.0,none
2024-06-11 18:00:00,pela mampang,-6.214448,106.81918300000001,1.5,2.700000000000001,6.3999999999999995,6.8,21.4,24.9,96,1010.2,1.1000000000000227,9.2,1,62.5,high
2024-06-14 15:00:00,pela mampang,-6.214448,106.81918300000001,0.0,0.10000000000000178,0.5,3.1,3.900000000000002,30.7,71,1005.1,-1.8999999999999773,7.2,0,0.0,none
2024-06-15 15:00:00,pesanggrahan,-6.2615,106.8106,8.6,9.000000000000002,9.3,9.5,25.799999999999997,27.5,85,1004.5,-1.2999999999999545,9.2,1,40.0,moderate
2024-06-08 18:00:00,pesanggrahan,-6.2615,106.8106,0.0,0.0,0.40000000000000013,0.4,0.5,28.0,80,1005.7,0.40000000000009095,5.1,0,0.0,none
2024-06-03 16:00:00,petogogan,-6.244265,106.813506,0.8,0.8,0.8,7.3,21.5,28.2,82,1007.9,0.0,1.6,1,70.0,high
2024-06-21 20:00:00,petogogan,-6.244265,106.813506,0.0,0.0,0.0,0.0,0.0,25.1,86,1008.9,3.0,6.5,0,0.0,none
2024-06-03 17:00:00,marunda,-6.1384,106.864,0.3,4.1000000000000005,4.300000000000001,10.100000000000001,21.1,28.3,81,1009.1,0.8999999999999773,5.5,1,10.0,low
2024-06-08 17:00:00,marunda,-6.1384,106.864,0.0,0.4,1.2000000000000008,1.2,1.7000000000000002,29.7,71,1006.8,-0.6000000000000227,10.0,0,0.0,none
2024-06-03 17:00:00,pluit,-6.108098,106.769752,0.3,3.1,3.2,9.4,20.6,28.3,80,1010.0,1.0,5.8,1,50.0,moderate
2024-06-05 13:00:00,pluit,-6.108098,106.769752,0.0,0.0,0.0,0.0,2.2,31.6,67,1010.8,-2.1000000000000227,7.0,0,0.0,none
2024-07-06 17:00:00,duri kepa,-6.18935,106.7757,0.2,0.6000000000000001,17.200000000000003,33.5,49.400000000000006,25.7,86,1007.4,0.39999999999997726,12.1,1,40.0,moderate
2024-07-04 00:00:00,duri kepa,-6.18935,106.7757,0.0,0.0,0.40000000000000047,0.8000000000000005,0.8,24.9,92,1011.8,0.1999999999999318,4.2,0,0.0,none
2024-07-09 08:00:00,duri kosambi,-6.1674,106.7637,0.3,0.8999999999999981,14.9,29.400000000000002,44.8,24.8,89,1011.1,1.1000000000000227,11.4,1,45.0,moderate
2024-07-11 05:00:00,duri kosambi,-6.1674,106.7637,0.0,0.0,0.0,0.0999999999999999,0.0999999999999999,22.6,94,1011.0,-0.39999999999997726,4.0,0,0.0,none
2024-07-06 17:00:00,joglo,-6.2205,106.7589,0.2,0.6000000000000001,17.200000000000003,33.5,49.400000000000006,25.7,86,1006.2,0.40000000000009095,12.1,1,45.0,moderate
2024-07-04 00:00:00,joglo,-6.2205,106.7589,0.0,0.0,0.40000000000000047,0.8000000000000005,0.8,24.9,92,1010.6,0.20000000000004547,4.2,0,0.0,none
2024-07-09 08:00:00,kamal,-6.1674,106.7637,0.3,0.8999999999999981,14.9,29.400000000000002,44.8,24.8,89,1011.1,1.1000000000000227,11.4,1,30.0,moderate
2024-07-11 05:00:00,kamal,-6.1674,106.7637,0.0,0.0,0.0,0.0999999999999999,0.0999999999999999,22.6,94,1011.0,-0.39999999999997726,4.0,0,0.0,none
2024-07-06 17:00:00,kebon jeruk,-6.191466666666667,106.78563333333334,0.2,0.6000000000000001,17.200000000000003,33.5,49.400000000000006,25.7,86,1006.9,0.39999999999997726,12.1,1,40.0,moderate
2024-07-04 00:00:00,kebon jeruk,-6.191466666666667,106.78563333333334,0.0,0.0,0.40000000000000047,0.8000000000000005,0.8,24.9,92,1011.3,0.1999999999999318,4.2,0,0.0,none
2024-07-09 08:00:00,kedaung kali angke,-6.1674,106.7637,0.3,0.8999999999999981,14.9,29.400000000000002,44.8,24.8,89,1011.1,1.1000000000000227,11.4,1,52.5,high
2024-07-11 05:00:00,kedaung kali angke,-6.1674,106.7637,0.0,0.0,0.0,0.0999999999999999,0.0999999999999999,22.6,94,1011.0,-0.39999999999997726,4.0,0,0.0,none
2024-07-09 08:00:00,kedoya selatan,-6.183631,106.756812,0.3,0.8999999999999981,14.9,29.400000000000002,44.8,24.8,89,1011.0,1.1000000000000227,11.4,1,42.5,moderate
2024-07-11 05:00:00,kedoya selatan,-6.183631,106.756812,0.0,0.0,0.0,0.0999999999999999,0.0999999999999999,22.6,94,1010.8,-0.40000000000009095,4.0,0,0.0,none
2024-07-09 08:00:00,kembangan selatan,-6.18564475,106.73898425,0.3,0.8999999999999981,14.9,29.400000000000002,44.8,24.8,89,1011.0,1.1000000000000227,11.4,1,45.0,moderate
2024-07-11 05:00:00,kembangan selatan,-6.18564475,106.73898425,0.0,0.0,0.0,0.0999999999999999,0.0999999999999999,22.6,94,1010.8,-0.40000000000009095,4.0,0,0.0,none
2024-07-09 08:00:00,kembangan utara,-6.1674,106.7637,0.3,0.8999999999999981,14.9,29.400000000000002,44.8,24.8,89,1011.1,1.1000000000000227,11.4,1,60.0,high
2024-07-11 05:00:00,kembangan utara,-6.1674,106.7637,0.0,0.0,0.0,0.0999999999999999,0.0999999999999999,22.6,94,1011.0,-0.39999999999997726,4.0,0,0.0,none
2024-07-09 08:00:00,meruya utara,-6.1674,106.7637,0.3,0.8999999999999981,14.9,29.400000000000002,44.8,24.8,89,1011.1,1.1000000000000227,11.4,1,80.0,high
2024-07-11 05:00:00,meruya utara,-6.1674,106.7637,0.0,0.0,0.0,0.0999999999999999,0.0999999999999999,22.6,94,1011.0,-0.39999999999997726,4.0,0,0.0,none
2024-07-09 08:00:00,rawa buaya,-6.1674,106.7637,0.3,0.8999999999999981,14.9,29.400000000000002,44.8,24.8,89,1011.1,1.1000000000000227,11.4,1,55.0,high
2024-07-11 05:00:00,rawa buaya,-6.1674,106.7637,0.0,0.0,0.0,0.0999999999999999,0.0999999999999999,22.6,94,1011.0,-0.39999999999997726,4.0,0,0.0,none
2024-07-09 08:00:00,semanan,-6.14943,106.711681,0.4,0.5,19.8,32.4,43.800000000000004,25.0,88,1011.0,1.1000000000000227,11.7,1,25.0,moderate
2024-07-11 05:00:00,semanan,-6.14943,106.711681,0.0,0.0,0.0,0.0,0.2,21.8,98,1010.9,-0.39999999999997726,5.4,0,0.0,none
2024-07-06 17:00:00,sukabumi selatan,-6.219514,106.770077,0.2,0.6000000000000001,17.200000000000003,33.5,49.400000000000006,25.7,86,1005.8,0.39999999999997726,12.1,1,70.0,high
2024-07-04 00:00:00,sukabumi selatan,-6.219514,106.770077,0.0,0.0,0.40000000000000047,0.8000000000000005,0.8,24.9,92,1010.2,0.20000000000004547,4.2,0,0.0,none
2024-07-06 17:00:00,sukabumi utara,-6.218766666666667,106.782,0.2,0.6000000000000001,17.200000000000003,33.5,49.400000000000006,25.7,86,1006.5,0.39999999999997726,12.1,1,50.0,moderate
2024-07-04 00:00:00,sukabumi utara,-6.218766666666667,106.782,0.0,0.0,0.40000000000000047,0.8000000000000005,0.8,24.9,92,1010.8,0.1999999999999318,4.2,0,0.0,none
2024-07-09 08:00:00,tegal alur,-6.1674,106.7637,0.3,0.8999999999999981,14.9,29.400000000000002,44.8,24.8,89,1011.1,1.1000000000000227,11.4,1,30.0,moderate
2024-07-11 05:00:00,tegal alur,-6.1674,106.7637,0.0,0.0,0.0,0.0999999999999999,0.0999999999999999,22.6,94,1011.0,-0.39999999999997726,4.0,0,0.0,none
2024-07-06 17:00:00,bendungan hilir,-6.205412833333334,106.81082866666667,0.2,0.6000000000000001,17.200000000000003,33.5,49.400000000000006,25.7,86,1007.3,0.39999999999997726,12.1,1,35.0,moderate
2024-07-04 00:00:00,bendungan hilir,-6.205412833333334,106.81082866666667,0.0,0.0,0.40000000000000047,0.8000000000000005,0.8,24.9,92,1011.7,0.20000000000004547,4.2,0,0.0,none
2024-07-06 17:00:00,karet tengsin,-6.207756333333333,106.812394,0.2,0.6000000000000001,17.200000000000003,33.5,49.400000000000006,25.7,86,1007.3,0.39999999999997726,12.1,1,50.0,moderate
2024-07-04 00:00:00,karet tengsin,-6.207756333333333,106.812394,0.0,0.0,0.40000000000000047,0.8000000000000005,0.8,24.9,92,1011.7,0.20000000000004547,4.2,0,0.0,none
2024-07-06 17:00:00,petamburan,-6.1931080000000005,106.80795950000001,0.2,0.6000000000000001,17.200000000000003,33.5,49.400000000000006,25.7,86,1007.4,0.39999999999997726,12.1,1,40.0,moderate
2024-07-04 00:00:00,petamburan,-6.1931080000000005,106.80795950000001,0.0,0.0,0.40000000000000047,0.8000000000000005,0.8,24.9,92,1011.8,0.1999999999999318,4.2,0,0.0,none
2024-07-09 14:00:00,bangka,-6.214879,106.819983,0.5,0.7,0.7000000000000001,9.899999999999997,36.9,30.5,70,1007.5,-2.2999999999999545,6.7,1,65.0,high
2024-07-11 05:00:00,bangka,-6.214879,106.819983,0.0,0.0,0.0,0.0,0.0,22.3,97,1010.1,-0.5,3.3,0,0.0,none
2024-07-07 01:00:00,ciganjur,-6.324882,106.804457,0.1,5.8,5.800000000000001,10.4,33.0,23.3,96,1005.6,-0.1999999999999318,8.6,1,0.0,low
2024-07-29 05:00:00,ciganjur,-6.324882,106.804457,0.0,0.0,0.0,0.0,0.7000000000000001,24.3,83,1004.6,0.5,5.1,0,0.0,none
2024-07-07 01:00:00,cilandak barat,-6.283827499999999,106.80415450000001,0.1,5.8,5.800000000000001,10.4,33.0,23.3,96,1006.3,-0.20000000000004547,8.6,1,70.0,high
2024-07-29 05:00:00,cilandak barat,-6.283827499999999,106.80415450000001,0.0,0.0,0.0,0.0,0.7000000000000001,24.3,83,1005.3,0.5,5.1,0,0.0,none
2024-07-07 01:00:00,cilandak timur,-6.2615,106.8106,0.1,5.8,5.800000000000001,10.4,33.0,23.3,96,1007.9,-0.20000000000004547,8.6,1,85.0,high
2024-07-29 05:00:00,cilandak timur,-6.2615,106.8106,0.0,0.0,0.0,0.0,0.7000000000000001,24.3,83,1006.9,0.5,5.1,0,0.0,none
2024-07-07 01:00:00,cipete utara,-6.2669,106.7972,0.1,5.8,5.800000000000001,10.4,33.0,23.3,96,1007.1,-0.1999999999999318,8.6,1,115.0,critical
2024-07-29 05:00:00,cipete utara,-6.2669,106.7972,0.0,0.0,0.0,0.0,0.7000000000000001,24.3,83,1006.1,0.5,5.1,0,0.0,none
2024-07-07 01:00:00,duren tiga,-6.2615,106.8106,0.1,5.8,5.800000000000001,10.4,33.0,23.3,96,1007.9,-0.20000000000004547,8.6,1,80.0,high
2024-07-29 05:00:00,duren tiga,-6.2615,106.8106,0.0,0.0,0.0,0.0,0.7000000000000001,24.3,83,1006.9,0.5,5.1,0,0.0,none
2024-07-07 01:00:00,gandaria selatan,-6.270588500000001,106.7940195,0.1,5.8,5.800000000000001,10.4,33.0,23.3,96,1007.0,-0.20000000000004547,8.6,1,55.0,high
2024-07-29 05:00:00,gandaria selatan,-6.270588500000001,106.7940195,0.0,0.0,0.0,0.0,0.7000000000000001,24.3,83,1006.0,0.5,5.1,0,0.0,none
2024-07-04 15:00:00,jagakarsa,-6.332747,106.81737,1.6,19.0,19.1,19.1,32.5,25.8,89,1002.8,-0.900000000000091,10.4,1,32.5,moderate
2024-07-29 12:00:00,jagakarsa,-6.332747,106.81737,0.0,0.0,0.0,0.0,0.0,33.5,44,1002.1,-2.199999999999932,5.7,0,0.0,none
2024-07-07 08:00:00,jati padang,-6.28561,106.83486,1.6,1.6,1.6,11.099999999999998,31.099999999999998,24.4,93,1007.1,1.8000000000000682,5.5,1,62.5,high
2024-07-11 15:00:00,jati padang,-6.28561,106.83486,0.0,0.0,0.0,0.0,0.0,32.0,52,1004.7,-2.099999999999909,5.4,0,0.0,none
2024-07-07 08:00:00,kalibata,-6.260452,106.846903,1.6,1.6,1.6,11.099999999999998,31.099999999999998,24.4,93,1008.5,1.7999999999999545,5.5,1,80.0,high
2024-07-11 15:00:00,kalibata,-6.260452,106.846903,0.0,0.0,0.0,0.0,0.0,32.0,52,1006.1,-2.1000000000000227,5.4,0,0.0,none
2024-07-07 01:00:00,kebon baru,-6.2615,106.8106,0.1,5.8,5.800000000000001,10.4,33.0,23.3,96,1007.9,-0.20000000000004547,8.6,1,75.0,high
2024-07-29 05:00:00,kebon baru,-6.2615,106.8106,0.0,0.0,0.0,0.0,0.7000000000000001,24.3,83,1006.9,0.5,5.1,0,0.0,none
2024-07-09 14:00:00,kuningan barat,-6.235233,106.818793,0.5,0.7,0.7000000000000001,9.899999999999997,36.9,30.5,70,1007.6,-2.2999999999999545,6.7,1,70.0,high
2024-07-11 05:00:00,kuningan barat,-6.235233,106.818793,0.0,0.0,0.0,0.0,0.0,22.3,97,1010.3,-0.40000000000009095,3.3,0,0.0,none
2024-07-07 01:00:00,lebak bulus,-6.3045729999999995,106.784461,0.1,5.8,5.800000000000001,10.4,33.0,23.3,96,1005.5,-0.20000000000004547,8.6,1,45.0,moderate
2024-07-29 05:00:00,lebak bulus,-6.3045729999999995,106.784461,0.0,0.0,0.0,0.0,0.7000000000000001,24.3,83,1004.5,0.5,5.1,0,0.0,none
2024-07-07 01:00:00,lenteng agung,-6.2615,106.8106,0.1,5.8,5.800000000000001,10.4,33.0,23.3,96,1007.9,-0.20000000000004547,8.6,1,45.0,moderate
2024-07-29 05:00:00,lenteng agung,-6.2615,106.8106,0.0,0.0,0.0,0.0,0.7000000000000001,24.3,83,1006.9,0.5,5.1,0,0.0,none
2024-07-09 14:00:00,manggarai,-6.209834,106.850523,0.5,0.7,0.7000000000000001,9.899999999999997,36.9,30.5,70,1007.6,-2.2999999999999545,6.7,1,55.0,high
2024-07-11 05:00:00,manggarai,-6.209834,106.850523,0.0,0.0,0.0,0.0,0.0,22.3,97,1010.3,-0.40000000000009095,3.3,0,0.0,none
2024-07-07 01:00:00,pejaten barat,-6.2615,106.8106,0.1,5.8,5.800000000000001,10.4,33.0,23.3,96,1007.9,-0.20000000000004547,8.6,1,65.0,high
2024-07-29 05:00:00,pejaten barat,-6.2615,106.8106,0.0,0.0,0.0,0.0,0.7000000000000001,24.3,83,1006.9,0.5,5.1,0,0.0,none
2024-07-07 01:00:00,pejaten timur,-6.2615,106.8106,0.1,5.8,5.800000000000001,10.4,33.0,23.3,96,1007.9,-0.20000000000004547,8.6,1,135.0,critical
2024-07-29 05:00:00,pejaten timur,-6.2615,106.8106,0.0,0.0,0.0,0.0,0.7000000000000001,24.3,83,1006.9,0.5,5.1,0,0.0,none
2024-07-09 14:00:00,pela mampang,-6.214448,106.81918300000001,0.5,0.7,0.7000000000000001,9.899999999999997,36.9,30.5,70,1007.5,-2.2999999999999545,6.7,1,115.0,critical
2024-07-11 05:00:00,pela mampang,-6.214448,106.81918300000001,0.0,0.0,0.0,0.0,0.0,22.3,97,1010.1,-0.5,3.3,0,0.0,none
2024-07-09 14:00:00,pengadegan,-6.251315,106.861639,0.5,0.7,0.7000000000000001,9.899999999999997,36.9,30.5,70,1006.5,-2.2999999999999545,6.7,1,105.0,critical
2024-07-11 05:00:00,pengadegan,-6.251315,106.861639,0.0,0.0,0.0,0.0,0.0,22.3,97,1009.1,-0.39999999999997726,3.3,0,0.0,none
2024-07-06 17:00:00,petogogan,-6.244265,106.813506,0.2,0.6000000000000001,17.200000000000003,33.5,49.400000000000006,25.7,86,1006.5,0.39999999999997726,12.1,1,45.0,moderate
2024-07-04 00:00:00,petogogan,-6.244265,106.813506,0.0,0.0,0.40000000000000047,0.8000000000000005,0.8,24.9,92,1010.8,0.1999999999999318,4.2,0,0.0,none
2024-07-07 01:00:00,pondok labu,-6.306464,106.798521,0.1,5.8,5.800000000000001,10.4,33.0,23.3,96,1005.7,-0.1999999999999318,8.6,1,95.0,high
2024-07-29 05:00:00,pondok labu,-6.306464,106.798521,0.0,0.0,0.0,0.0,0.7000000000000001,24.3,83,1004.7,0.5,5.1,0,0.0,none
2024-07-07 01:00:00,rawajati,-6.2615,106.8106,0.1,5.8,5.800000000000001,10.4,33.0,23.3,96,1007.9,-0.20000000000004547,8.6,1,150.0,critical
2024-07-29 05:00:00,rawajati,-6.2615,106.8106,0.0,0.0,0.0,0.0,0.7000000000000001,24.3,83,1006.9,0.5,5.1,0,0.0,none
2024-07-07 01:00:00,srengseng sawah,-6.2615,106.8106,0.1,5.8,5.800000000000001,10.4,33.0,23.3,96,1007.9,-0.20000000000004547,8.6,1,30.0,moderate
2024-07-29 05:00:00,srengseng sawah,-6.2615,106.8106,0.0,0.0,0.0,0.0,0.7000000000000001,24.3,83,1006.9,0.5,5.1,0,0.0,none
2024-07-07 08:00:00,tanjung barat,-6.309537,106.850701,1.6,1.6,1.6,11.099999999999998,31.099999999999998,24.4,93,1006.1,1.8000000000000682,5.5,1,120.0,critical
2024-07-11 15:00:00,tanjung barat,-6.309537,106.850701,0.0,0.0,0.0,0.0,0.0,32.0,52,1003.7,-2.099999999999909,5.4,0,0.0,none
2024-07-09 13:00:00,balekambang,-6.225,106.9004,0.3,0.4000000000000018,0.5,6.6,33.5,30.4,69,1007.6,-2.199999999999932,6.9,1,90.0,high
2024-07-04 03:00:00,balekambang,-6.225,106.9004,0.0,0.0,0.0,1.8,1.8,23.7,97,1008.9,-1.6000000000000227,2.7,0,0.0,none
2024-07-09 14:00:00,bidara cina,-6.240897,106.866261,0.5,0.7,0.7000000000000001,9.899999999999997,36.9,30.5,70,1007.3,-2.300000000000068,6.7,1,140.0,critical
2024-07-11 05:00:00,bidara cina,-6.240897,106.866261,0.0,0.0,0.0,0.0,0.0,22.3,97,1009.9,-0.39999999999997726,3.3,0,0.0,none
2024-07-09 13:00:00,cawang,-6.225,106.9004,0.3,0.4000000000000018,0.5,6.6,33.5,30.4,69,1007.6,-2.199999999999932,6.9,1,165.0,critical
2024-07-04 03:00:00,cawang,-6.225,106.9004,0.0,0.0,0.0,1.8,1.8,23.7,97,1008.9,-1.6000000000000227,2.7,0,0.0,none
2024-07-07 08:00:00,cililitan,-6.259398,106.865302,1.6,1.6,1.6,11.099999999999998,31.099999999999998,24.4,93,1007.9,1.7999999999999545,5.5,1,160.0,critical
2024-07-11 15:00:00,cililitan,-6.259398,106.865302,0.0,0.0,0.0,0.0,0.0,32.0,52,1005.5,-2.1000000000000227,5.4,0,0.0,none
2024-07-09 14:00:00,cipinang melayu,-6.252134,106.872832,0.5,0.7,0.7000000000000001,9.899999999999997,36.9,30.5,70,1006.6,-2.2999999999999545,6.7,1,95.0,high
2024-07-11 05:00:00,cipinang melayu,-6.252134,106.872832,0.0,0.0,0.0,0.0,0.0,22.3,97,1009.2,-0.39999999999997726,3.3,0,0.0,none
2024-07-09 14:00:00,cipinang muara,-6.237389,106.891973,0.5,0.7,0.7000000000000001,9.899999999999997,36.9,30.5,70,1007.2,-2.199999999999932,6.7,1,52.5,high
2024-07-11 05:00:00,cipinang muara,-6.237389,106.891973,0.0,0.0,0.0,0.0,0.0,22.3,97,1009.8,-0.40000000000009095,3.3,0,0.0,none
2024-07-09 14:00:00,gedong,-6.330614,106.900151,0.1,0.2000000000000018,0.2000000000000018,3.5,26.0,30.2,64,1003.5,-2.3999999999999773,6.3,1,125.0,critical
2024-07-11 16:00:00,gedong,-6.330614,106.900151,0.0,0.0,0.0,0.0,0.0,31.0,54,1003.2,-1.1999999999999318,5.9,0,0.0,none
2024-07-09 14:00:00,kampung melayu,-6.216456,106.857421,0.5,0.7,0.7000000000000001,9.899999999999997,36.9,30.5,70,1007.7,-2.2999999999999545,6.7,1,125.0,critical
2024-07-11 05:00:00,kampung melayu,-6.216456,106.857421,0.0,0.0,0.0,0.0,0.0,22.3,97,1010.4,-0.39999999999997726,3.3,0,0.0,none
2024-07-09 13:00:00,kebon pala,-6.225,106.9004,0.3,0.4000000000000018,0.5,6.6,33.5,30.4,69,1007.6,-2.199999999999932,6.9,1,55.0,high
2024-07-04 03:00:00,kebon pala,-6.225,106.9004,0.0,0.0,0.0,1.8,1.8,23.7,97,1008.9,-1.6000000000000227,2.7,0,0.0,none
2024-07-07 08:00:00,susukan,-6.30738,106.868174,1.6,1.6,1.6,11.099999999999998,31.099999999999998,24.4,93,1006.9,1.7999999999999545,5.5,1,45.0,moderate
2024-07-11 15:00:00,susukan,-6.30738,106.868174,0.0,0.0,0.0,0.0,0.0,32.0,52,1004.5,-2.1000000000000227,5.4,0,0.0,none
2024-07-07 08:00:00,tengah,-6.289985,106.86454,1.6,1.6,1.6,11.099999999999998,31.099999999999998,24.4,93,1007.5,1.7999999999999545,5.5,1,35.0,moderate
2024-07-11 15:00:00,tengah,-6.289985,106.86454,0.0,0.0,0.0,0.0,0.0,32.0,52,1005.1,-2.1000000000000227,5.4,0,0.0,none
2024-07-09 08:00:00,kapuk muara,-6.1384,106.864,0.1,2.4000000000000004,14.1,27.1,39.0,24.7,88,1011.1,1.1000000000000227,9.1,1,37.5,moderate
2024-07-04 06:00:00,kapuk muara,-6.1384,106.864,0.0,0.0,0.0,0.19999999999999912,4.699999999999999,24.3,91,1010.0,0.0,4.2,0,0.0,none
2024-07-09 08:00:00,pluit,-6.108098,106.769752,0.3,0.8999999999999981,14.9,29.400000000000002,44.8,24.9,89,1011.8,1.099999999999909,11.4,1,35.0,moderate
2024-07-11 05:00:00,pluit,-6.108098,106.769752,0.0,0.0,0.0,0.0999999999999999,0.0999999999999999,22.7,94,1011.7,-0.39999999999997726,4.0,0,0.0,none
2024-08-03 17:00:00,joglo,-6.2205,106.7589,4.6,15.2,17.0,17.0,23.4,26.1,88,1008.0,0.6000000000000227,5.0,1,52.5,high
2024-08-19 01:00:00,joglo,-6.2205,106.7589,0.0,0.0,0.0,0.4999999999999999,0.5000000000000001,25.1,90,1008.0,-1.3999999999999773,3.3,0,0.0,none
2024-08-03 17:00:00,kebon jeruk,-6.191466666666667,106.78563333333334,4.6,15.2,17.0,17.0,23.4,26.1,88,1008.7,0.7000000000000455,5.0,1,35.0,moderate
2024-08-19 01:00:00,kebon jeruk,-6.191466666666667,106.78563333333334,0.0,0.0,0.0,0.4999999999999999,0.5000000000000001,25.1,90,1008.7,-1.3999999999999773,3.3,0,0.0,none
2024-08-03 17:00:00,kedoya selatan,-6.183631,106.756812,3.3,17.1,19.1,19.1,26.5,25.4,90,1009.1,0.5,7.3,1,35.0,moderate
2024-08-29 06:00:00,kedoya selatan,-6.183631,106.756812,0.0,0.0,0.0,0.3,0.2999999999999999,25.1,84,1010.8,1.099999999999909,4.3,0,0.0,none
2024-08-03 17:00:00,kembangan selatan,-6.18564475,106.73898425,3.3,17.1,19.1,19.1,26.5,25.4,90,1009.1,0.5,7.3,1,30.0,moderate
2024-08-29 06:00:00,kembangan selatan,-6.18564475,106.73898425,0.0,0.0,0.0,0.3,0.2999999999999999,25.1,84,1010.8,1.099999999999909,4.3,0,0.0,none
2024-08-03 17:00:00,kembangan utara,-6.1674,106.7637,3.3,17.1,19.1,19.1,26.5,25.4,90,1009.2,0.5,7.3,1,30.0,moderate
2024-08-29 06:00:00,kembangan utara,-6.1674,106.7637,0.0,0.0,0.0,0.3,0.2999999999999999,25.1,84,1010.9,1.1000000000000227,4.3,0,0.0,none
2024-08-03 17:00:00,rawa buaya,-6.1674,106.7637,3.3,17.1,19.1,19.1,26.5,25.4,90,1009.2,0.5,7.3,1,55.0,high
2024-08-29 06:00:00,rawa buaya,-6.1674,106.7637,0.0,0.0,0.0,0.3,0.2999999999999999,25.1,84,1010.9,1.1000000000000227,4.3,0,0.0,none
2024-08-03 17:00:00,sukabumi selatan,-6.219514,106.770077,4.6,15.2,17.0,17.0,23.4,26.1,88,1007.6,0.7000000000000455,5.0,1,70.0,high
2024-08-19 01:00:00,sukabumi selatan,-6.219514,106.770077,0.0,0.0,0.0,0.4999999999999999,0.5000000000000001,25.1,90,1007.6,-1.3999999999999773,3.3,0,0.0,none
2024-08-03 17:00:00,sukabumi utara,-6.218766666666667,106.782,4.6,15.2,17.0,17.0,23.4,26.1,88,1008.3,0.6999999999999318,5.0,1,30.0,moderate
2024-08-19 01:00:00,sukabumi utara,-6.218766666666667,106.782,0.0,0.0,0.0,0.4999999999999999,0.5000000000000001,25.1,90,1008.3,-1.400000000000091,3.3,0,0.0,none
2024-08-03 17:00:00,tegal alur,-6.1674,106.7637,3.3,17.1,19.1,19.1,26.5,25.4,90,1009.2,0.5,7.3,1,30.0,moderate
2024-08-29 06:00:00,tegal alur,-6.1674,106.7637,0.0,0.0,0.0,0.3,0.2999999999999999,25.1,84,1010.9,1.1000000000000227,4.3,0,0.0,none
2024-08-03 16:00:00,bintaro,-6.2615,106.8106,8.4,13.3,13.3,13.3,19.6,26.8,83,1006.7,-0.39999999999997726,9.7,1,90.0,high
2024-08-31 11:00:00,bintaro,-6.2615,106.8106,0.0,0.0,0.0,0.0,0.5,33.2,45,1007.3,-1.5,3.4,0,0.0,none
2024-08-03 16:00:00,cilandak barat,-6.283827499999999,106.80415450000001,8.4,13.3,13.3,13.3,19.6,26.8,83,1005.1,-0.39999999999997726,9.7,1,30.0,moderate
2024-08-31 11:00:00,cilandak barat,-6.283827499999999,106.80415450000001,0.0,0.0,0.0,0.0,0.5,33.2,45,1005.7,-1.5,3.4,0,0.0,none
2024-08-03 16:00:00,cilandak timur,-6.2615,106.8106,8.4,13.3,13.3,13.3,19.6,26.8,83,1006.7,-0.39999999999997726,9.7,1,42.5,moderate
2024-08-31 11:00:00,cilandak timur,-6.2615,106.8106,0.0,0.0,0.0,0.0,0.5,33.2,45,1007.3,-1.5,3.4,0,0.0,none
2024-08-03 16:00:00,cipulir,-6.2615,106.8106,8.4,13.3,13.3,13.3,19.6,26.8,83,1006.7,-0.39999999999997726,9.7,1,45.0,moderate
2024-08-31 11:00:00,cipulir,-6.2615,106.8106,0.0,0.0,0.0,0.0,0.5,33.2,45,1007.3,-1.5,3.4,0,0.0,none
2024-08-03 16:00:00,kebayoran lama utara,-6.2615,106.8106,8.4,13.3,13.3,13.3,19.6,26.8,83,1006.7,-0.39999999999997726,9.7,1,45.0,moderate
2024-08-31 11:00:00,kebayoran lama utara,-6.2615,106.8106,0.0,0.0,0.0,0.0,0.5,33.2,45,1007.3,-1.5,3.4,0,0.0,none
2024-08-03 16:00:00,pejaten timur,-6.2615,106.8106,8.4,13.3,13.3,13.3,19.6,26.8,83,1006.7,-0.39999999999997726,9.7,1,87.5,high
2024-08-31 11:00:00,pejaten timur,-6.2615,106.8106,0.0,0.0,0.0,0.0,0.5,33.2,45,1007.3,-1.5,3.4,0,0.0,none
2024-08-03 16:00:00,pondok labu,-6.306464,106.798521,8.4,13.3,13.3,13.3,19.6,26.8,83,1004.6,-0.39999999999997726,9.7,1,50.0,moderate
2024-08-31 11:00:00,pondok labu,-6.306464,106.798521,0.0,0.0,0.0,0.0,0.5,33.2,45,1005.2,-1.5,3.4,0,0.0,none
2024-08-03 16:00:00,pondok pinang,-6.2615,106.8106,8.4,13.3,13.3,13.3,19.6,26.8,83,1006.7,-0.39999999999997726,9.7,1,100.0,high
2024-08-31 11:00:00,pondok pinang,-6.2615,106.8106,0.0,0.0,0.0,0.0,0.5,33.2,45,1007.3,-1.5,3.4,0,0.0,none
2024-08-03 17:00:00,bidara cina,-6.240897,106.866261,2.3,8.399999999999999,8.399999999999999,8.399999999999999,17.7,26.4,87,1008.1,0.8999999999999773,5.7,1,47.5,moderate
2024-08-09 13:00:00,bidara cina,-6.240897,106.866261,0.5,0.5,0.5,0.5,2.3,33.1,54,1006.5,-3.1000000000000227,12.3,0,0.0,none
2024-08-02 22:00:00,cawang,-6.225,106.9004,0.2,7.0,16.099999999999998,28.0,27.999999999999996,24.2,98,1011.2,1.400000000000091,6.4,1,62.5,high
2024-08-07 06:00:00,cawang,-6.225,106.9004,0.0,0.0,0.0,0.0,0.0,23.2,89,1009.0,0.7000000000000455,6.1,0,0.0,none
2024-08-03 15:00:00,cililitan,-6.259398,106.865302,7.6,7.6,7.6,7.6,16.9,28.5,75,1006.3,-1.400000000000091,2.5,1,65.0,high
2024-08-09 10:00:00,cililitan,-6.259398,106.865302,0.0,0.0,0.0,0.0,3.5999999999999988,31.8,53,1008.2,-0.39999999999997726,8.7,0,0.0,none
2024-08-03 17:00:00,cipinang melayu,-6.252134,106.872832,2.3,8.399999999999999,8.399999999999999,8.399999999999999,17.7,26.4,87,1007.5,1.0,5.7,1,50.0,moderate
2024-08-09 13:00:00,cipinang melayu,-6.252134,106.872832,0.5,0.5,0.5,0.5,2.3,33.1,54,1005.8,-3.1000000000000227,12.3,0,0.0,none
2024-08-03 17:00:00,cipinang muara,-6.237389,106.891973,2.3,8.399999999999999,8.399999999999999,8.399999999999999,17.7,26.4,87,1008.0,0.8999999999999773,5.7,1,77.5,high
2024-08-09 13:00:00,cipinang muara,-6.237389,106.891973,0.5,0.5,0.5,0.5,2.3,33.1,54,1006.4,-3.1000000000000227,12.3,0,0.0,none
2024-08-02 22:00:00,dukuh,-6.225,106.9004,0.2,7.0,16.099999999999998,28.0,27.999999999999996,24.2,98,1011.2,1.400000000000091,6.4,1,30.0,moderate
2024-08-07 06:00:00,dukuh,-6.225,106.9004,0.0,0.0,0.0,0.0,0.0,23.2,89,1009.0,0.7000000000000455,6.1,0,0.0,none
2024-08-03 17:00:00,kampung melayu,-6.216456,106.857421,2.3,8.399999999999999,8.399999999999999,8.399999999999999,17.7,26.4,87,1008.6,1.0,5.7,1,52.5,high
2024-08-09 13:00:00,kampung melayu,-6.216456,106.857421,0.5,0.5,0.5,0.5,2.3,33.1,54,1006.9,-3.1000000000000227,12.3,0,0.0,none
2024-08-02 22:00:00,kebon pala,-6.225,106.9004,0.2,7.0,16.099999999999998,28.0,27.999999999999996,24.2,98,1011.2,1.400000000000091,6.4,1,30.0,moderate
2024-08-07 06:00:00,kebon pala,-6.225,106.9004,0.0,0.0,0.0,0.0,0.0,23.2,89,1009.0,0.7000000000000455,6.1,0,0.0,none
2024-08-02 22:00:00,lubang buaya,-6.225,106.9004,0.2,7.0,16.099999999999998,28.0,27.999999999999996,24.2,98,1011.2,1.400000000000091,6.4,1,60.0,high
2024-08-07 06:00:00,lubang buaya,-6.225,106.9004,0.0,0.0,0.0,0.0,0.0,23.2,89,1009.0,0.7000000000000455,6.1,0,0.0,none
2024-08-03 15:00:00,makasar,-6.271194,106.894547,7.6,7.6,7.6,7.6,16.9,28.5,75,1005.4,-1.3999999999999773,2.5,1,30.0,moderate
2024-08-09 10:00:00,makasar,-6.271194,106.894547,0.0,0.0,0.0,0.0,3.5999999999999988,31.8,53,1007.3,-0.40000000000009095,8.7,0,0.0,none
2024-08-02 22:00:00,pondok bambu,-6.225,106.9004,0.2,7.0,16.099999999999998,28.0,27.999999999999996,24.2,98,1011.2,1.400000000000091,6.4,1,50.0,moderate
2024-08-07 06:00:00,pondok bambu,-6.225,106.9004,0.0,0.0,0.0,0.0,0.0,23.2,89,1009.0,0.7000000000000455,6.1,0,0.0,none
2024-08-03 15:00:00,rambutan,-6.301845,106.872099,7.6,7.6,7.6,7.6,16.9,28.5,75,1005.4,-1.3999999999999773,2.5,1,35.0,moderate
2024-08-09 10:00:00,rambutan,-6.301845,106.872099,0.0,0.0,0.0,0.0,3.5999999999999988,31.8,53,1007.3,-0.40000000000009095,8.7,0,0.0,none
2024-08-03 15:00:00,tengah,-6.289985,106.86454,7.6,7.6,7.6,7.6,16.9,28.5,75,1005.8,-1.5,2.5,1,40.0,moderate
2024-08-09 10:00:00,tengah,-6.289985,106.86454,0.0,0.0,0.0,0.0,3.5999999999999988,31.8,53,1007.8,-0.40000000000009095,8.7,0,0.0,none
2024-08-03 17:00:00,marunda,-6.1384,106.864,5.0,11.4,14.100000000000001,14.100000000000001,22.5,25.9,88,1009.1,0.7000000000000455,8.4,1,10.0,low
2024-08-09 13:00:00,marunda,-6.1384,106.864,0.3,0.500000000000001,0.500000000000001,0.5000000000000009,1.2,31.2,64,1007.7,-2.8999999999999773,16.9,0,0.0,none
2024-08-03 17:00:00,pluit,-6.108098,106.769752,3.3,17.1,19.1,19.1,26.5,25.5,90,1009.9,0.5,7.3,1,35.0,moderate
2024-08-29 06:00:00,pluit,-6.108098,106.769752,0.0,0.0,0.0,0.3,0.2999999999999999,25.1,84,1011.6,1.1000000000000227,4.3,0,0.0,none
2024-09-11 07:00:00,bangka,-6.214879,106.819983,0.5,1.7,2.0,3.3,21.500000000000004,24.7,94,1010.6,1.3000000000000682,9.9,1,37.5,moderate
2024-09-18 01:00:00,bangka,-6.214879,106.819983,0.0,0.0,0.0,0.0,0.0,24.2,78,1006.8,-0.900000000000091,7.0,0,0.0,none
2024-09-11 07:00:00,bintaro,-6.2615,106.8106,0.3,1.7,1.9999999999999991,4.8,25.5,24.6,95,1009.5,1.2999999999999545,7.9,1,40.0,moderate
2024-09-06 23:00:00,bintaro,-6.2615,106.8106,0.0,0.0,0.0,0.9,1.0,26.7,79,1008.3,1.0,4.5,0,0.0,none
2024-09-11 07:00:00,cilandak barat,-6.283827499999999,106.80415450000001,0.3,1.7,1.9999999999999991,4.8,25.5,24.6,95,1007.9,1.2999999999999545,7.9,1,65.0,high
2024-09-06 23:00:00,cilandak barat,-6.283827499999999,106.80415450000001,0.0,0.0,0.0,0.9,1.0,26.7,79,1006.7,1.0,4.5,0,0.0,none
2024-09-11 07:00:00,cilandak timur,-6.2615,106.8106,0.3,1.7,1.9999999999999991,4.8,25.5,24.6,95,1009.5,1.2999999999999545,7.9,1,97.5,high
2024-09-06 23:00:00,cilandak timur,-6.2615,106.8106,0.0,0.0,0.0,0.9,1.0,26.7,79,1008.3,1.0,4.5,0,0.0,none
2024-09-11 07:00:00,kalibata,-6.260452,106.846903,0.5,2.4,3.7,11.800000000000004,43.1,24.6,94,1009.6,1.3000000000000682,9.8,1,40.0,moderate
2024-09-18 00:00:00,kalibata,-6.260452,106.846903,0.0,0.0,0.0,0.0,0.0,24.3,81,1006.5,0.2999999999999545,4.8,0,0.0,none
2024-09-11 07:00:00,kuningan barat,-6.235233,106.818793,0.5,1.7,2.0,3.3,21.500000000000004,24.7,94,1010.7,1.3000000000000682,9.9,1,50.0,moderate
2024-09-18 01:00:00,kuningan barat,-6.235233,106.818793,0.0,0.0,0.0,0.0,0.0,24.2,78,1006.9,-0.8999999999999773,7.0,0,0.0,none
2024-09-11 07:00:00,lebak bulus,-6.3045729999999995,106.784461,0.3,1.7,1.9999999999999991,4.8,25.5,24.6,95,1007.1,1.3000000000000682,7.9,1,50.0,moderate
2024-09-06 23:00:00,lebak bulus,-6.3045729999999995,106.784461,0.0,0.0,0.0,0.9,1.0,26.7,79,1005.9,1.0,4.5,0,0.0,none
2024-09-11 07:00:00,pancoran,-6.2615,106.8106,0.3,1.7,1.9999999999999991,4.8,25.5,24.6,95,1009.5,1.2999999999999545,7.9,1,65.0,high
2024-09-06 23:00:00,pancoran,-6.2615,106.8106,0.0,0.0,0.0,0.9,1.0,26.7,79,1008.3,1.0,4.5,0,0.0,none
2024-09-11 07:00:00,pela mampang,-6.214448,106.81918300000001,0.5,1.7,2.0,3.3,21.500000000000004,24.7,94,1010.6,1.3000000000000682,9.9,1,55.0,high
2024-09-18 01:00:00,pela mampang,-6.214448,106.81918300000001,0.0,0.0,0.0,0.0,0.0,24.2,78,1006.8,-0.900000000000091,7.0,0,0.0,none
2024-09-11 07:00:00,pesanggrahan,-6.2615,106.8106,0.3,1.7,1.9999999999999991,4.8,25.5,24.6,95,1009.5,1.2999999999999545,7.9,1,50.0,moderate
2024-09-06 23:00:00,pesanggrahan,-6.2615,106.8106,0.0,0.0,0.0,0.9,1.0,26.7,79,1008.3,1.0,4.5,0,0.0,none
2024-09-11 07:00:00,petukangan utara,-6.2615,106.8106,0.3,1.7,1.9999999999999991,4.8,25.5,24.6,95,1009.5,1.2999999999999545,7.9,1,30.0,moderate
2024-09-06 23:00:00,petukangan utara,-6.2615,106.8106,0.0,0.0,0.0,0.9,1.0,26.7,79,1008.3,1.0,4.5,0,0.0,none
2024-09-11 07:00:00,pondok labu,-6.306464,106.798521,0.3,1.7,1.9999999999999991,4.8,25.5,24.6,95,1007.3,1.2999999999999545,7.9,1,0.0,low
2024-09-06 23:00:00,pondok labu,-6.306464,106.798521,0.0,0.0,0.0,0.9,1.0,26.7,79,1006.1,0.8999999999999773,4.5,0,0.0,none
2024-09-11 07:00:00,ulujami,-6.2615,106.8106,0.3,1.7,1.9999999999999991,4.8,25.5,24.6,95,1009.5,1.2999999999999545,7.9,1,50.0,moderate
2024-09-06 23:00:00,ulujami,-6.2615,106.8106,0.0,0.0,0.0,0.9,1.0,26.7,79,1008.3,1.0,4.5,0,0.0,none
2024-09-11 07:00:00,tengah,-6.289985,106.86454,0.5,2.4,3.7,11.800000000000004,43.1,24.6,94,1008.6,1.3000000000000682,9.8,1,30.0,moderate
2024-09-18 00:00:00,tengah,-6.289985,106.86454,0.0,0.0,0.0,0.0,0.0,24.3,81,1005.5,0.2999999999999545,4.8,0,0.0,none
2024-09-27 13:00:00,pluit,-6.108098,106.769752,0.4,0.4,0.4000000000000018,0.5000000000000018,22.6,31.0,65,1008.6,-2.7999999999999545,13.5,1,10.0,low
2024-09-17 21:00:00,pluit,-6.108098,106.769752,0.0,0.0,0.0,0.0,0.0,27.2,69,1008.5,2.7999999999999545,3.7,0,0.0,none
2024-01-05 00:00:00,pulau kelapa,-6.1805,106.8284,0.8,5.3999999999999995,15.1,26.4,44.4,23.8,95,1010.2,-1.0,3.2,1,15.0,low
2024-01-22 23:00:00,pulau kelapa,-6.1805,106.8284,0.0,0.0,0.0,0.2,0.5,27.7,72,1010.9,1.0,19.4,0,0.0,none
2024-01-05 00:00:00,pulau panggang,-6.1805,106.8284,0.8,5.3999999999999995,15.1,26.4,44.4,23.8,95,1010.2,-1.0,3.2,1,10.0,low
2024-01-22 23:00:00,pulau panggang,-6.1805,106.8284,0.0,0.0,0.0,0.2,0.5,27.7,72,1010.9,1.0,19.4,0,0.0,none
2024-01-05 00:00:00,pulau pari,-6.1805,106.8284,0.8,5.3999999999999995,15.1,26.4,44.4,23.8,95,1010.2,-1.0,3.2,1,17.5,low
2024-01-22 23:00:00,pulau pari,-6.1805,106.8284,0.0,0.0,0.0,0.2,0.5,27.7,72,1010.9,1.0,19.4,0,0.0,none
2024-01-05 00:00:00,jelambar,-6.1674,106.7637,0.6,7.199999999999998,21.5,35.4,55.2,23.7,96,1010.6,-0.8999999999999773,3.6,1,22.5,moderate
2024-01-18 22:00:00,jelambar,-6.1674,106.7637,0.1,0.09999999999999734,0.30000000000000004,1.3000000000000018,1.2999999999999996,26.3,83,1008.9,1.2999999999999545,14.2,0,0.0,none
2024-01-05 00:00:00,jembatan lima,-6.1674,106.7637,0.6,7.199999999999998,21.5,35.4,55.2,23.7,96,1010.6,-0.8999999999999773,3.6,1,30.0,moderate
2024-01-18 22:00:00,jembatan lima,-6.1674,106.7637,0.1,0.09999999999999734,0.30000000000000004,1.3000000000000018,1.2999999999999996,26.3,83,1008.9,1.2999999999999545,14.2,0,0.0,none
2024-01-05 00:00:00,kamal,-6.1674,106.7637,0.6,7.199999999999998,21.5,35.4,55.2,23.7,96,1010.6,-0.8999999999999773,3.6,1,42.5,moderate
2024-01-18 22:00:00,kamal,-6.1674,106.7637,0.1,0.09999999999999734,0.30000000000000004,1.3000000000000018,1.2999999999999996,26.3,83,1008.9,1.2999999999999545,14.2,0,0.0,none
2024-01-05 00:00:00,kedoya utara,-6.165857,106.762902,0.6,7.199999999999998,21.5,35.4,55.2,23.7,96,1010.6,-0.8999999999999773,3.6,1,47.5,moderate
2024-01-18 22:00:00,kedoya utara,-6.165857,106.762902,0.1,0.09999999999999734,0.30000000000000004,1.3000000000000018,1.2999999999999996,26.3,83,1008.9,1.2999999999999545,14.2,0,0.0,none
2024-01-05 00:00:00,kembangan selatan,-6.18564475,106.73898425,0.6,7.199999999999998,21.5,35.4,55.2,23.7,96,1010.5,-0.8999999999999773,3.6,1,60.0,high
2024-01-18 22:00:00,kembangan selatan,-6.18564475,106.73898425,0.1,0.09999999999999734,0.30000000000000004,1.3000000000000018,1.2999999999999996,26.3,83,1008.8,1.2999999999999545,14.2,0,0.0,none
2024-01-05 00:00:00,kota bambu selatan,-6.1674,106.7637,0.6,7.199999999999998,21.5,35.4,55.2,23.7,96,1010.6,-0.8999999999999773,3.6,1,50.0,moderate
2024-01-18 22:00:00,kota bambu selatan,-6.1674,106.7637,0.1,0.09999999999999734,0.30000000000000004,1.3000000000000018,1.2999999999999996,26.3,83,1008.9,1.2999999999999545,14.2,0,0.0,none
2024-01-05 00:00:00,meruya selatan,-6.1674,106.7637,0.6,7.199999999999998,21.5,35.4,55.2,23.7,96,1010.6,-0.8999999999999773,3.6,1,55.0,high
2024-01-18 22:00:00,meruya selatan,-6.1674,106.7637,0.1,0.09999999999999734,0.30000000000000004,1.3000000000000018,1.2999999999999996,26.3,83,1008.9,1.2999999999999545,14.2,0,0.0,none
2024-01-05 00:00:00,sukabumi utara,-6.218766666666667,106.782,1.2,6.7,33.5,67.0,82.9,23.7,96,1009.6,-0.8999999999999773,2.4,1,50.0,moderate
2024-01-18 16:00:00,sukabumi utara,-6.218766666666667,106.782,0.0,0.8999999999999999,1.0999999999999999,1.3,1.3000000000000016,28.0,82,1004.3,-1.400000000000091,11.2,0,0.0,none
2024-01-05 00:00:00,bendungan hilir,-6.205412833333334,106.81082866666667,1.2,6.7,33.5,67.0,82.9,23.7,96,1010.5,-0.8999999999999773,2.4,1,40.0,moderate
2024-01-18 16:00:00,bendungan hilir,-6.205412833333334,106.81082866666667,0.0,0.8999999999999999,1.0999999999999999,1.3,1.3000000000000016,28.0,82,1005.1,-1.3999999999999773,11.2,0,0.0,none
2024-01-05 00:00:00,karet tengsin,-6.207756333333333,106.812394,1.2,6.7,33.5,67.0,82.9,23.7,96,1010.5,-0.8999999999999773,2.4,1,50.0,moderate
2024-01-18 16:00:00,karet tengsin,-6.207756333333333,106.812394,0.0,0.8999999999999999,1.0999999999999999,1.3,1.3000000000000016,28.0,82,1005.1,-1.3999999999999773,11.2,0,0.0,none
2024-01-05 00:00:00,petamburan,-6.1931080000000005,106.80795950000001,1.2,6.7,33.5,67.0,82.9,23.7,96,1010.6,-0.8999999999999773,2.4,1,50.0,moderate
2024-01-18 16:00:00,petamburan,-6.1931080000000005,106.80795950000001,0.0,0.8999999999999999,1.0999999999999999,1.3,1.3000000000000016,28.0,82,1005.2,-1.3999999999999773,11.2,0,0.0,none
2024-01-05 00:00:00,serdang,-6.1562037499999995,106.86038525000001,0.8,5.3999999999999995,15.1,26.4,44.4,23.8,95,1010.7,-1.0,3.2,1,30.0,moderate
2024-01-22 23:00:00,serdang,-6.1562037499999995,106.86038525000001,0.0,0.0,0.0,0.2,0.5,27.7,72,1011.3,1.0,19.4,0,0.0,none
2024-01-05 04:00:00,cipete utara,-6.2669,106.7972,1.1,2.9000000000000004,7.2,74.0,102.10000000000001,23.5,97,1006.6,-0.5,2.9,1,47.5,moderate
2024-01-16 14:00:00,cipete utara,-6.2669,106.7972,0.3,0.3,0.3,0.3,4.500000000000004,31.9,59,1003.3,-2.0,18.1,0,0.0,none
2024-01-05 04:00:00,cipulir,-6.2615,106.8106,1.1,2.9000000000000004,7.2,74.0,102.10000000000001,23.5,97,1007.4,-0.5,2.9,1,77.5,high
2024-01-16 14:00:00,cipulir,-6.2615,106.8106,0.3,0.3,0.3,0.3,4.500000000000004,31.9,59,1004.1,-2.0,18.1,0,0.0,none
2024-01-05 04:00:00,duren tiga,-6.2615,106.8106,1.1,2.9000000000000004,7.2,74.0,102.10000000000001,23.5,97,1007.4,-0.5,2.9,1,45.0,moderate
2024-01-16 14:00:00,duren tiga,-6.2615,106.8106,0.3,0.3,0.3,0.3,4.500000000000004,31.9,59,1004.1,-2.0,18.1,0,0.0,none
2024-01-05 04:00:00,gandaria selatan,-6.270588500000001,106.7940195,1.1,2.9000000000000004,7.2,74.0,102.10000000000001,23.5,97,1006.5,-0.5,2.9,1,30.0,moderate
2024-01-16 14:00:00,gandaria selatan,-6.270588500000001,106.7940195,0.3,0.3,0.3,0.3,4.500000000000004,31.9,59,1003.2,-2.0,18.1,0,0.0,none
2024-01-05 06:00:00,jagakarsa,-6.332747,106.81737,0.5,2.600000000000003,4.4,36.7,74.9,23.3,97,1004.4,0.8999999999999773,2.7,1,30.0,moderate
2024-01-01 09:00:00,jagakarsa,-6.332747,106.81737,0.1,0.1,0.1,0.1,0.1,28.8,75,1004.9,1.3999999999999773,1.6,0,0.0,none
2024-01-05 04:00:00,kebon baru,-6.2615,106.8106,1.1,2.9000000000000004,7.2,74.0,102.10000000000001,23.5,97,1007.4,-0.5,2.9,1,82.5,high
2024-01-16 14:00:00,kebon baru,-6.2615,106.8106,0.3,0.3,0.3,0.3,4.500000000000004,31.9,59,1004.1,-2.0,18.1,0,0.0,none
2024-01-05 00:00:00,kuningan barat,-6.235233,106.818793,0.7,4.700000000000002,18.8,45.599999999999994,60.5,23.6,97,1009.8,-1.0,2.7,1,60.0,high
2024-01-26 05:00:00,kuningan barat,-6.235233,106.818793,0.0,0.0,0.0,0.09999999999999823,1.0999999999999983,23.7,96,1011.6,0.0,4.9,0,0.0,none
2024-01-05 00:00:00,manggarai,-6.209834,106.850523,0.7,4.700000000000002,18.8,45.599999999999994,60.5,23.6,97,1009.8,-1.0,2.7,1,40.0,moderate
2024-01-26 05:00:00,manggarai,-6.209834,106.850523,0.0,0.0,0.0,0.09999999999999823,1.0999999999999983,23.7,96,1011.6,0.0,4.9,0,0.0,none
2024-01-05 00:00:00,pengadegan,-6.251315,106.861639,0.7,4.700000000000002,18.8,45.599999999999994,60.5,23.6,97,1008.6,-1.0,2.7,1,77.5,high
2024-01-26 05:00:00,pengadegan,-6.251315,106.861639,0.0,0.0,0.0,0.09999999999999823,1.0999999999999983,23.7,96,1010.4,0.0,4.9,0,0.0,none
2024-01-05 00:00:00,petogogan,-6.244265,106.813506,1.2,6.7,33.5,67.0,82.9,23.7,96,1009.6,-0.8999999999999773,2.4,1,40.0,moderate
2024-01-18 16:00:00,petogogan,-6.244265,106.813506,0.0,0.8999999999999999,1.0999999999999999,1.3,1.3000000000000016,28.0,82,1004.3,-1.400000000000091,11.2,0,0.0,none
2024-01-05 04:00:00,pondok labu,-6.306464,106.798521,1.1,2.9000000000000004,7.2,74.0,102.10000000000001,23.5,97,1005.2,-0.5,2.9,1,50.0,moderate
2024-01-16 14:00:00,pondok labu,-6.306464,106.798521,0.3,0.3,0.3,0.3,4.500000000000004,31.9,59,1002.0,-1.8999999999999773,18.1,0,0.0,none
2024-01-05 04:00:00,pondok pinang,-6.2615,106.8106,1.1,2.9000000000000004,7.2,74.0,102.10000000000001,23.5,97,1007.4,-0.5,2.9,1,55.0,high
2024-01-16 14:00:00,pondok pinang,-6.2615,106.8106,0.3,0.3,0.3,0.3,4.500000000000004,31.9,59,1004.1,-2.0,18.1,0,0.0,none
2024-01-05 04:00:00,rawajati,-6.2615,106.8106,1.1,2.9000000000000004,7.2,74.0,102.10000000000001,23.5,97,1007.4,-0.5,2.9,1,152.5,critical
2024-01-16 14:00:00,rawajati,-6.2615,106.8106,0.3,0.3,0.3,0.3,4.500000000000004,31.9,59,1004.1,-2.0,18.1,0,0.0,none
2024-01-05 05:00:00,tanjung barat,-6.309537,106.850701,1.6,3.5000000000000018,6.4,38.199999999999996,61.1,23.2,98,1005.3,0.2999999999999545,4.2,1,165.0,critical
2024-01-23 10:00:00,tanjung barat,-6.309537,106.850701,0.1,0.10000000000000134,0.10000000000000178,0.10000000000000134,0.5000000000000018,29.6,71,1007.7,0.6000000000000227,12.9,0,0.0,none
2024-01-05 04:00:00,ulujami,-6.2615,106.8106,1.1,2.9000000000000004,7.2,74.0,102.10000000000001,23.5,97,1007.4,-0.5,2.9,1,70.0,high
2024-01-16 14:00:00,ulujami,-6.2615,106.8106,0.3,0.3,0.3,0.3,4.500000000000004,31.9,59,1004.1,-2.0,18.1,0,0.0,none
2024-01-03 14:00:00,balekambang,-6.225,106.9004,0.1,0.9000000000000009,8.5,27.5,37.6,28.2,78,1005.9,-2.3999999999999773,9.0,1,97.5,high
2024-01-01 09:00:00,balekambang,-6.225,106.9004,0.2,0.2,0.2,0.2,0.2,28.9,76,1009.2,1.3000000000000682,1.0,0,0.0,none
2024-01-05 00:00:00,cipinang melayu,-6.252134,106.872832,0.7,4.700000000000002,18.8,45.599999999999994,60.5,23.6,97,1008.7,-1.0,2.7,1,60.0,high
2024-01-26 05:00:00,cipinang melayu,-6.252134,106.872832,0.0,0.0,0.0,0.09999999999999823,1.0999999999999983,23.7,96,1010.5,0.0,4.9,0,0.0,none
2024-01-05 00:00:00,cipinang muara,-6.237389,106.891973,0.7,4.700000000000002,18.8,45.599999999999994,60.5,23.6,97,1009.3,-1.0,2.7,1,37.5,moderate
2024-01-26 05:00:00,cipinang muara,-6.237389,106.891973,0.0,0.0,0.0,0.09999999999999823,1.0999999999999983,23.7,96,1011.1,0.0,4.9,0,0.0,none
2024-01-05 06:00:00,gedong,-6.330614,106.900151,0.8,3.2,5.000000000000001,21.5,42.6,23.0,98,1005.2,0.900000000000091,3.7,1,65.0,high
2024-01-26 08:00:00,gedong,-6.330614,106.900151,0.0,0.0,0.0,1.2,2.8,26.7,83,1009.6,2.0,2.6,0,0.0,none
2024-01-03 14:00:00,halim perdana kusuma,-6.225,106.9004,0.1,0.9000000000000009,8.5,27.5,37.6,28.2,78,1005.9,-2.3999999999999773,9.0,1,52.5,high
2024-01-01 09:00:00,halim perdana kusuma,-6.225,106.9004,0.2,0.2,0.2,0.2,0.2,28.9,76,1009.2,1.3000000000000682,1.0,0,0.0,none
2024-01-03 14:00:00,lubang buaya,-6.225,106.9004,0.1,0.9000000000000009,8.5,27.5,37.6,28.2,78,1005.9,-2.3999999999999773,9.0,1,30.0,moderate
2024-01-01 09:00:00,lubang buaya,-6.225,106.9004,0.2,0.2,0.2,0.2,0.2,28.9,76,1009.2,1.3000000000000682,1.0,0,0.0,none
2024-01-05 05:00:00,makasar,-6.271194,106.894547,1.6,3.5000000000000018,6.4,38.199999999999996,61.1,23.2,98,1006.2,0.3000000000000682,4.2,1,27.5,moderate
2024-01-23 10:00:00,makasar,-6.271194,106.894547,0.1,0.10000000000000134,0.10000000000000178,0.10000000000000134,0.5000000000000018,29.6,71,1008.6,0.6000000000000227,12.9,0,0.0,none
2024-01-03 14:00:00,pinangranti,-6.225,106.9004,0.1,0.9000000000000009,8.5,27.5,37.6,28.2,78,1005.9,-2.3999999999999773,9.0,1,30.0,moderate
2024-01-01 09:00:00,pinangranti,-6.225,106.9004,0.2,0.2,0.2,0.2,0.2,28.9,76,1009.2,1.3000000000000682,1.0,0,0.0,none
2024-01-03 14:00:00,pulo gebang,-6.225,106.9004,0.1,0.9000000000000009,8.5,27.5,37.6,28.2,78,1005.9,-2.3999999999999773,9.0,1,30.0,moderate
2024-01-01 09:00:00,pulo gebang,-6.225,106.9004,0.2,0.2,0.2,0.2,0.2,28.9,76,1009.2,1.3000000000000682,1.0,0,0.0,none
2024-01-05 05:00:00,tengah,-6.289985,106.86454,1.6,3.5000000000000018,6.4,38.199999999999996,61.1,23.2,98,1006.7,0.3000000000000682,4.2,1,35.0,moderate
2024-01-23 10:00:00,tengah,-6.289985,106.86454,0.1,0.10000000000000134,0.10000000000000178,0.10000000000000134,0.5000000000000018,29.6,71,1009.0,0.5,12.9,0,0.0,none
2024-01-05 00:00:00,ancol,-6.1384,106.864,0.8,5.3999999999999995,15.1,26.4,44.4,23.8,95,1010.4,-1.0,3.2,1,20.0,low
2024-01-22 23:00:00,ancol,-6.1384,106.864,0.0,0.0,0.0,0.2,0.5,27.7,72,1011.0,1.0,19.4,0,0.0,none
2024-01-05 00:00:00,cilincing,-6.1384,106.864,0.8,5.3999999999999995,15.1,26.4,44.4,23.8,95,1010.4,-1.0,3.2,1,22.5,moderate
2024-01-22 23:00:00,cilincing,-6.1384,106.864,0.0,0.0,0.0,0.2,0.5,27.7,72,1011.0,1.0,19.4,0,0.0,none
2024-01-05 00:00:00,kalibaru,-6.1384,106.864,0.8,5.3999999999999995,15.1,26.4,44.4,23.8,95,1010.4,-1.0,3.2,1,30.0,moderate
2024-01-22 23:00:00,kalibaru,-6.1384,106.864,0.0,0.0,0.0,0.2,0.5,27.7,72,1011.0,1.0,19.4,0,0.0,none
2024-01-05 00:00:00,kamal muara,-6.098123,106.7141905,1.9,8.8,18.299999999999997,30.900000000000002,52.8,23.7,95,1011.3,-0.900000000000091,5.5,1,40.0,moderate
2024-01-26 00:00:00,kamal muara,-6.098123,106.7141905,0.0,0.0,0.09999999999999956,1.8,1.7999999999999978,25.8,90,1013.6,0.3000000000000682,11.2,0,0.0,none
2024-01-05 00:00:00,kapuk muara,-6.1384,106.864,0.8,5.3999999999999995,15.1,26.4,44.4,23.8,95,1010.4,-1.0,3.2,1,47.5,moderate
2024-01-22 23:00:00,kapuk muara,-6.1384,106.864,0.0,0.0,0.0,0.2,0.5,27.7,72,1011.0,1.0,19.4,0,0.0,none
2024-01-05 00:00:00,kebon bawang,-6.1384,106.864,0.8,5.3999999999999995,15.1,26.4,44.4,23.8,95,1010.4,-1.0,3.2,1,55.0,high
2024-01-22 23:00:00,kebon bawang,-6.1384,106.864,0.0,0.0,0.0,0.2,0.5,27.7,72,1011.0,1.0,19.4,0,0.0,none
2024-01-05 00:00:00,lagoa,-6.1384,106.864,0.8,5.3999999999999995,15.1,26.4,44.4,23.8,95,1010.4,-1.0,3.2,1,12.5,low
2024-01-22 23:00:00,lagoa,-6.1384,106.864,0.0,0.0,0.0,0.2,0.5,27.7,72,1011.0,1.0,19.4,0,0.0,none
2024-01-05 00:00:00,pademangan barat,-6.1384,106.864,0.8,5.3999999999999995,15.1,26.4,44.4,23.8,95,1010.4,-1.0,3.2,1,25.0,moderate
2024-01-22 23:00:00,pademangan barat,-6.1384,106.864,0.0,0.0,0.0,0.2,0.5,27.7,72,1011.0,1.0,19.4,0,0.0,none
2024-01-05 00:00:00,papanggo,-6.1384,106.864,0.8,5.3999999999999995,15.1,26.4,44.4,23.8,95,1010.4,-1.0,3.2,1,30.0,moderate
2024-01-22 23:00:00,papanggo,-6.1384,106.864,0.0,0.0,0.0,0.2,0.5,27.7,72,1011.0,1.0,19.4,0,0.0,none
2024-01-05 00:00:00,semper timur,-6.1384,106.864,0.8,5.3999999999999995,15.1,26.4,44.4,23.8,95,1010.4,-1.0,3.2,1,30.0,moderate
2024-01-22 23:00:00,semper timur,-6.1384,106.864,0.0,0.0,0.0,0.2,0.5,27.7,72,1011.0,1.0,19.4,0,0.0,none
2024-01-05 00:00:00,tanjung priok,-6.1384,106.864,0.8,5.3999999999999995,15.1,26.4,44.4,23.8,95,1010.4,-1.0,3.2,1,22.5,moderate
2024-01-22 23:00:00,tanjung priok,-6.1384,106.864,0.0,0.0,0.0,0.2,0.5,27.7,72,1011.0,1.0,19.4,0,0.0,none
2024-01-05 00:00:00,warakas,-6.1384,106.864,0.8,5.3999999999999995,15.1,26.4,44.4,23.8,95,1010.4,-1.0,3.2,1,35.0,moderate
2024-01-22 23:00:00,warakas,-6.1384,106.864,0.0,0.0,0.0,0.2,0.5,27.7,72,1011.0,1.0,19.4,0,0.0,none
2024-02-28 12:00:00,kebon jeruk,-6.191466666666667,106.78563333333334,1.6,6.0,14.8,33.3,36.0,26.2,90,1008.8,-1.3000000000000682,3.1,1,40.0,moderate
2024-02-11 18:00:00,kebon jeruk,-6.191466666666667,106.78563333333334,0.6,1.9999999999999998,3.0999999999999996,3.3,3.3,26.7,85,1010.6,1.6000000000000227,2.7,0,0.0,none
2024-02-28 12:00:00,kedoya selatan,-6.183631,106.756812,0.9,4.399999999999999,9.4,28.8,32.7,26.3,89,1009.2,-1.1999999999999318,1.8,1,60.0,high
2024-02-02 21:00:00,kedoya selatan,-6.183631,106.756812,0.1,1.7000000000000002,2.2,4.4,4.4,25.8,96,1011.8,2.3999999999999773,5.8,0,0.0,none
2024-02-28 12:00:00,kembangan selatan,-6.18564475,106.73898425,0.9,4.399999999999999,9.4,28.8,32.7,26.3,89,1009.2,-1.1999999999999318,1.8,1,52.5,high
2024-02-02 21:00:00,kembangan selatan,-6.18564475,106.73898425,0.1,1.7000000000000002,2.2,4.4,4.4,25.8,96,1011.8,2.3999999999999773,5.8,0,0.0,none
2024-02-28 12:00:00,kembangan utara,-6.1674,106.7637,0.9,4.399999999999999,9.4,28.8,32.7,26.3,89,1009.3,-1.2000000000000455,1.8,1,40.0,moderate
2024-02-02 21:00:00,kembangan utara,-6.1674,106.7637,0.1,1.7000000000000002,2.2,4.4,4.4,25.8,96,1011.9,2.3999999999999773,5.8,0,0.0,none
2024-02-28 14:00:00,bintaro,-6.2615,106.8106,0.3,2.4000000000000035,9.1,27.599999999999998,41.7,28.5,79,1005.5,-2.6000000000000227,3.3,1,55.0,high
2024-02-20 07:00:00,bintaro,-6.2615,106.8106,0.0,0.0,0.0,0.0999999999999989,3.5,25.5,90,1008.8,1.6999999999999318,3.2,0,0.0,none
2024-02-28 14:00:00,cilandak barat,-6.283827499999999,106.80415450000001,0.3,2.4000000000000035,9.1,27.599999999999998,41.7,28.5,79,1004.0,-2.5,3.3,1,40.0,moderate
2024-02-20 07:00:00,cilandak barat,-6.283827499999999,106.80415450000001,0.0,0.0,0.0,0.0999999999999989,3.5,25.5,90,1007.2,1.7000000000000455,3.2,0,0.0,none
2024-02-28 14:00:00,cipulir,-6.2615,106.8106,0.3,2.4000000000000035,9.1,27.599999999999998,41.7,28.5,79,1005.5,-2.6000000000000227,3.3,1,70.0,high
2024-02-20 07:00:00,cipulir,-6.2615,106.8106,0.0,0.0,0.0,0.0999999999999989,3.5,25.5,90,1008.8,1.6999999999999318,3.2,0,0.0,none
2024-02-28 14:00:00,kebayoran lama utara,-6.2615,106.8106,0.3,2.4000000000000035,9.1,27.599999999999998,41.7,28.5,79,1005.5,-2.6000000000000227,3.3,1,25.0,moderate
2024-02-20 07:00:00,kebayoran lama utara,-6.2615,106.8106,0.0,0.0,0.0,0.0999999999999989,3.5,25.5,90,1008.8,1.6999999999999318,3.2,0,0.0,none
2024-02-28 14:00:00,lebak bulus,-6.3045729999999995,106.784461,0.3,2.4000000000000035,9.1,27.599999999999998,41.7,28.5,79,1003.2,-2.5,3.3,1,37.5,moderate
2024-02-20 07:00:00,lebak bulus,-6.3045729999999995,106.784461,0.0,0.0,0.0,0.0999999999999989,3.5,25.5,90,1006.4,1.6999999999999318,3.2,0,0.0,none
2024-02-28 14:00:00,pesanggrahan,-6.2615,106.8106,0.3,2.4000000000000035,9.1,27.599999999999998,41.7,28.5,79,1005.5,-2.6000000000000227,3.3,1,50.0,moderate
2024-02-20 07:00:00,pesanggrahan,-6.2615,106.8106,0.0,0.0,0.0,0.0999999999999989,3.5,25.5,90,1008.8,1.6999999999999318,3.2,0,0.0,none
2024-02-28 14:00:00,petukangan utara,-6.2615,106.8106,0.3,2.4000000000000035,9.1,27.599999999999998,41.7,28.5,79,1005.5,-2.6000000000000227,3.3,1,50.0,moderate
2024-02-20 07:00:00,petukangan utara,-6.2615,106.8106,0.0,0.0,0.0,0.0999999999999989,3.5,25.5,90,1008.8,1.6999999999999318,3.2,0,0.0,none
2024-02-28 14:00:00,pondok labu,-6.306464,106.798521,0.3,2.4000000000000035,9.1,27.599999999999998,41.7,28.5,79,1003.4,-2.5,3.3,1,40.0,moderate
2024-02-20 07:00:00,pondok labu,-6.306464,106.798521,0.0,0.0,0.0,0.0999999999999989,3.5,25.5,90,1006.6,1.7000000000000455,3.2,0,0.0,none
2024-02-28 14:00:00,pondok pinang,-6.2615,106.8106,0.3,2.4000000000000035,9.1,27.599999999999998,41.7,28.5,79,1005.5,-2.6000000000000227,3.3,1,105.0,critical
2024-02-20 07:00:00,pondok pinang,-6.2615,106.8106,0.0,0.0,0.0,0.0999999999999989,3.5,25.5,90,1008.8,1.6999999999999318,3.2,0,0.0,none
2024-02-28 14:00:00,rawajati,-6.2615,106.8106,0.3,2.4000000000000035,9.1,27.599999999999998,41.7,28.5,79,1005.5,-2.6000000000000227,3.3,1,30.0,moderate
2024-02-20 07:00:00,rawajati,-6.2615,106.8106,0.0,0.0,0.0,0.0999999999999989,3.5,25.5,90,1008.8,1.6999999999999318,3.2,0,0.0,none
2024-02-28 12:00:00,tanjung barat,-6.309537,106.850701,2.3,7.9,19.5,38.099999999999994,43.8,25.9,90,1005.1,-1.2999999999999545,3.6,1,35.0,moderate
2024-02-01 09:00:00,tanjung barat,-6.309537,106.850701,0.0,0.0,0.1,0.1,0.1,28.4,81,1009.1,1.1000000000000227,7.4,0,0.0,none
2024-02-28 14:00:00,ulujami,-6.2615,106.8106,0.3,2.4000000000000035,9.1,27.599999999999998,41.7,28.5,79,1005.5,-2.6000000000000227,3.3,1,85.0,high
2024-02-20 07:00:00,ulujami,-6.2615,106.8106,0.0,0.0,0.0,0.0999999999999989,3.5,25.5,90,1008.8,1.6999999999999318,3.2,0,0.0,none
2024-02-28 11:00:00,balekambang,-6.225,106.9004,2.0,7.800000000000001,21.2,31.1,39.1,25.2,93,1008.8,0.09999999999990905,5.6,1,80.0,high
2024-02-04 23:00:00,balekambang,-6.225,106.9004,0.0,0.0,0.0,0.9,1.5,25.1,93,1011.8,1.0,4.3,0,0.0,none
2024-02-28 12:00:00,bidara cina,-6.240897,106.866261,1.8,5.999999999999999,16.1,33.5,39.300000000000004,26.3,90,1008.2,-1.2999999999999545,3.6,1,66.5,high
2024-02-24 12:00:00,bidara cina,-6.240897,106.866261,0.2,0.5000000000000009,1.700000000000002,2.4000000000000004,3.2,30.9,72,1008.5,-2.0,8.7,0,0.0,none
2024-02-28 11:00:00,cawang,-6.225,106.9004,2.0,7.800000000000001,21.2,31.1,39.1,25.2,93,1008.8,0.09999999999990905,5.6,1,60.0,high
2024-02-04 23:00:00,cawang,-6.225,106.9004,0.0,0.0,0.0,0.9,1.5,25.1,93,1011.8,1.0,4.3,0,0.0,none
2024-02-28 12:00:00,cililitan,-6.259398,106.865302,2.3,7.9,19.5,38.099999999999994,43.8,25.9,90,1007.0,-1.2000000000000455,3.6,1,60.0,high
2024-02-01 09:00:00,cililitan,-6.259398,106.865302,0.0,0.0,0.1,0.1,0.1,28.4,81,1011.0,1.2000000000000455,7.4,0,0.0,none
2024-02-28 12:00:00,kampung melayu,-6.216456,106.857421,1.8,5.999999999999999,16.1,33.5,39.300000000000004,26.3,90,1008.7,-1.2999999999999545,3.6,1,78.0,high
2024-02-24 12:00:00,kampung melayu,-6.216456,106.857421,0.2,0.5000000000000009,1.700000000000002,2.4000000000000004,3.2,30.9,72,1008.9,-2.1000000000000227,8.7,0,0.0,none
2024-02-28 13:00:00,rorotan,-6.1384,106.864,0.4,3.3999999999999986,10.500000000000002,23.5,29.0,27.9,86,1008.3,-2.0,2.5,1,50.0,moderate
2024-02-05 03:00:00,rorotan,-6.1384,106.864,0.0,0.0,0.0,0.2,3.0000000000000004,25.1,91,1011.4,-0.8000000000000682,5.1,0,0.0,none
2024-03-12 03:00:00,jelambar,-6.1674,106.7637,0.2,1.3,6.3,32.9,39.6,24.3,94,1008.8,-1.7000000000000455,4.0,1,35.0,moderate
2024-03-05 08:00:00,jelambar,-6.1674,106.7637,0.0,0.0,0.0,0.0,4.3,28.2,79,1009.5,2.0,11.1,0,0.0,none
2024-03-12 03:00:00,jelambar baru,-6.1674,106.7637,0.2,1.3,6.3,32.9,39.6,24.3,94,1008.8,-1.7000000000000455,4.0,1,30.0,moderate
2024-03-05 08:00:00,jelambar baru,-6.1674,106.7637,0.0,0.0,0.0,0.0,4.3,28.2,79,1009.5,2.0,11.1,0,0.0,none
2024-03-12 00:00:00,joglo,-6.2205,106.7589,1.1,12.4,26.200000000000003,34.1,37.0,24.0,95,1009.4,0.10000000000002274,9.1,1,52.5,high
2024-03-21 11:00:00,joglo,-6.2205,106.7589,0.4,0.6000000000000005,0.6000000000000005,0.6000000000000023,0.6000000000000001,29.5,71,1009.2,-0.5,14.3,0,0.0,none
2024-03-12 03:00:00,kedoya utara,-6.165857,106.762902,0.2,1.3,6.3,32.9,39.6,24.3,94,1008.8,-1.7000000000000455,4.0,1,20.0,low
2024-03-05 08:00:00,kedoya utara,-6.165857,106.762902,0.0,0.0,0.0,0.0,4.3,28.2,79,1009.5,2.0,11.1,0,0.0,none
2024-03-12 00:00:00,sukabumi selatan,-6.219514,106.770077,1.1,12.4,26.200000000000003,34.1,37.0,24.0,95,1008.9,0.10000000000002274,9.1,1,75.0,high
2024-03-21 11:00:00,sukabumi selatan,-6.219514,106.770077,0.4,0.6000000000000005,0.6000000000000005,0.6000000000000023,0.6000000000000001,29.5,71,1008.8,-0.5,14.3,0,0.0,none
2024-03-12 00:00:00,cilandak barat,-6.283827499999999,106.80415450000001,3.6,16.099999999999998,26.3,34.2,40.6,23.8,96,1007.3,0.2999999999999545,9.1,1,70.0,high
2024-03-20 22:00:00,cilandak barat,-6.283827499999999,106.80415450000001,0.0,0.0,0.0,0.0,0.0,26.8,76,1006.4,1.3999999999999773,9.8,0,0.0,none
2024-03-12 00:00:00,cipete utara,-6.2669,106.7972,3.6,16.099999999999998,26.3,34.2,40.6,23.8,96,1008.1,0.3000000000000682,9.1,1,100.0,high
2024-03-20 22:00:00,cipete utara,-6.2669,106.7972,0.0,0.0,0.0,0.0,0.0,26.8,76,1007.2,1.400000000000091,9.8,0,0.0,none
2024-03-12 00:00:00,duren tiga,-6.2615,106.8106,3.6,16.099999999999998,26.3,34.2,40.6,23.8,96,1008.9,0.2999999999999545,9.1,1,85.0,high
2024-03-20 22:00:00,duren tiga,-6.2615,106.8106,0.0,0.0,0.0,0.0,0.0,26.8,76,1008.0,1.3999999999999773,9.8,0,0.0,none
2024-03-14 13:00:00,jagakarsa,-6.332747,106.81737,1.2,12.8,16.9,24.7,47.400000000000006,25.8,87,1003.6,-1.7999999999999545,18.8,1,37.5,moderate
2024-03-26 23:00:00,jagakarsa,-6.332747,106.81737,0.0,0.0,0.0,3.2,3.1999999999999984,25.0,96,1007.0,1.2999999999999545,3.1,0,0.0,none
2024-03-12 02:00:00,kuningan barat,-6.235233,106.818793,0.5,1.4,18.5,33.7,38.7,23.8,96,1008.6,-2.0,7.3,1,105.0,critical
2024-03-01 15:00:00,kuningan barat,-6.235233,106.818793,0.0,2.9000000000000004,3.5000000000000004,3.5000000000000004,3.5000000000000004,30.3,71,1005.8,-1.8000000000000682,7.6,0,0.0,none
2024-03-12 00:00:00,pejaten barat,-6.2615,106.8106,3.6,16.099999999999998,26.3,34.2,40.6,23.8,96,1008.9,0.2999999999999545,9.1,1,55.0,high
2024-03-20 22:00:00,pejaten barat,-6.2615,106.8106,0.0,0.0,0.0,0.0,0.0,26.8,76,1008.0,1.3999999999999773,9.8,0,0.0,none
2024-03-12 00:00:00,petogogan,-6.244265,106.813506,1.1,12.4,26.200000000000003,34.1,37.0,24.0,95,1009.6,0.10000000000002274,9.1,1,50.0,moderate
2024-03-21 11:00:00,petogogan,-6.244265,106.813506,0.4,0.6000000000000005,0.6000000000000005,0.6000000000000023,0.6000000000000001,29.5,71,1009.5,-0.5,14.3,0,0.0,none
2024-03-12 00:00:00,rawajati,-6.2615,106.8106,3.6,16.099999999999998,26.3,34.2,40.6,23.8,96,1008.9,0.2999999999999545,9.1,1,35.0,moderate
2024-03-20 22:00:00,rawajati,-6.2615,106.8106,0.0,0.0,0.0,0.0,0.0,26.8,76,1008.0,1.3999999999999773,9.8,0,0.0,none
2024-03-12 04:00:00,baru,-6.225,106.9004,0.5,1.2999999999999998,5.7,31.299999999999997,39.0,24.0,94,1007.8,-0.7000000000000455,5.1,1,40.0,moderate
2024-03-26 23:00:00,baru,-6.225,106.9004,0.0,0.19999999999999996,0.7999999999999999,1.0999999999999965,1.1,25.3,98,1011.3,1.3999999999999773,2.5,0,0.0,none
2024-03-12 04:00:00,ceger,-6.225,106.9004,0.5,1.2999999999999998,5.7,31.299999999999997,39.0,24.0,94,1007.8,-0.7000000000000455,5.1,1,50.0,moderate
2024-03-26 23:00:00,ceger,-6.225,106.9004,0.0,0.19999999999999996,0.7999999999999999,1.0999999999999965,1.1,25.3,98,1011.3,1.3999999999999773,2.5,0,0.0,none
2024-03-12 04:00:00,cibubur,-6.350042,106.876385,0.3,1.0,10.2,33.6,36.7,23.2,92,1002.5,-0.8999999999999773,9.2,1,60.0,high
2024-03-01 09:00:00,cibubur,-6.350042,106.876385,0.1,1.9000000000000001,1.9000000000000001,1.9000000000000001,1.9000000000000001,27.2,83,1003.7,2.0,6.7,0,0.0,none
2024-03-12 04:00:00,cilangkap,-6.333835,106.903111,0.3,1.0,10.2,33.6,36.7,23.2,92,1004.2,-0.8999999999999773,9.2,1,35.0,moderate
2024-03-01 09:00:00,cilangkap,-6.333835,106.903111,0.1,1.9000000000000001,1.9000000000000001,1.9000000000000001,1.9000000000000001,27.2,83,1005.3,2.0,6.7,0,0.0,none
2024-03-12 04:00:00,ciracas,-6.334218,106.875612,0.3,1.0,10.2,33.6,36.7,23.2,92,1004.7,-0.8999999999999773,9.2,1,40.0,moderate
2024-03-01 09:00:00,ciracas,-6.334218,106.875612,0.1,1.9000000000000001,1.9000000000000001,1.9000000000000001,1.9000000000000001,27.2,83,1005.9,2.0,6.7,0,0.0,none
2024-03-12 04:00:00,dukuh,-6.225,106.9004,0.5,1.2999999999999998,5.7,31.299999999999997,39.0,24.0,94,1007.8,-0.7000000000000455,5.1,1,60.0,high
2024-03-26 23:00:00,dukuh,-6.225,106.9004,0.0,0.19999999999999996,0.7999999999999999,1.0999999999999965,1.1,25.3,98,1011.3,1.3999999999999773,2.5,0,0.0,none
2024-03-12 04:00:00,halim perdana kusuma,-6.225,106.9004,0.5,1.2999999999999998,5.7,31.299999999999997,39.0,24.0,94,1007.8,-0.7000000000000455,5.1,1,50.0,moderate
2024-03-26 23:00:00,halim perdana kusuma,-6.225,106.9004,0.0,0.19999999999999996,0.7999999999999999,1.0999999999999965,1.1,25.3,98,1011.3,1.3999999999999773,2.5,0,0.0,none
2024-03-12 04:00:00,kebon pala,-6.225,106.9004,0.5,1.2999999999999998,5.7,31.299999999999997,39.0,24.0,94,1007.8,-0.7000000000000455,5.1,1,30.0,moderate
2024-03-26 23:00:00,kebon pala,-6.225,106.9004,0.0,0.19999999999999996,0.7999999999999999,1.0999999999999965,1.1,25.3,98,1011.3,1.3999999999999773,2.5,0,0.0,none
2024-03-12 04:00:00,kelapa dua wetan,-6.343959,106.884645,0.3,1.0,10.2,33.6,36.7,23.2,92,1003.4,-0.8999999999999773,9.2,1,40.0,moderate
2024-03-01 09:00:00,kelapa dua wetan,-6.343959,106.884645,0.1,1.9000000000000001,1.9000000000000001,1.9000000000000001,1.9000000000000001,27.2,83,1004.5,2.0,6.7,0,0.0,none
2024-03-12 04:00:00,munjul,-6.225,106.9004,0.5,1.2999999999999998,5.7,31.299999999999997,39.0,24.0,94,1007.8,-0.7000000000000455,5.1,1,45.0,moderate
2024-03-26 23:00:00,munjul,-6.225,106.9004,0.0,0.19999999999999996,0.7999999999999999,1.0999999999999965,1.1,25.3,98,1011.3,1.3999999999999773,2.5,0,0.0,none
2024-03-12 04:00:00,pekayon,-6.347948,106.875841,0.3,1.0,10.2,33.6,36.7,23.2,92,1002.7,-0.8999999999999773,9.2,1,47.5,moderate
2024-03-01 09:00:00,pekayon,-6.347948,106.875841,0.1,1.9000000000000001,1.9000000000000001,1.9000000000000001,1.9000000000000001,27.2,83,1003.9,2.1000000000000227,6.7,0,0.0,none
2024-03-12 04:00:00,pondok bambu,-6.225,106.9004,0.5,1.2999999999999998,5.7,31.299999999999997,39.0,24.0,94,1007.8,-0.7000000000000455,5.1,1,40.0,moderate
2024-03-26 23:00:00,pondok bambu,-6.225,106.9004,0.0,0.19999999999999996,0.7999999999999999,1.0999999999999965,1.1,25.3,98,1011.3,1.3999999999999773,2.5,0,0.0,none
2024-03-12 00:00:00,rambutan,-6.301845,106.872099,2.7,17.0,25.1,34.199999999999996,40.0,23.7,97,1007.5,0.2999999999999545,12.1,1,55.0,high
2024-03-30 03:00:00,rambutan,-6.301845,106.872099,0.0,0.0,0.0,0.19999999999999646,2.2,24.4,92,1006.9,-0.8999999999999773,5.4,0,0.0,none
2024-03-12 00:00:00,tengah,-6.289985,106.86454,2.7,17.0,25.1,34.199999999999996,40.0,23.7,97,1008.0,0.2999999999999545,12.1,1,45.0,moderate
2024-03-30 03:00:00,tengah,-6.289985,106.86454,0.0,0.0,0.0,0.19999999999999646,2.2,24.4,92,1007.4,-0.8999999999999773,5.4,0,0.0,none
